datetime,time,open,high,low,close,volume
2026-03-06 00:21:00+00:00,1772756460000,70912.4,70937.4,70906.7,70930.1,18.195
2026-03-06 00:22:00+00:00,1772756520000,70930.1,70935.6,70885.3,70931.7,9.249
2026-03-06 00:23:00+00:00,1772756580000,70931.7,70947.4,70921.2,70939.5,2.043
2026-03-06 00:24:00+00:00,1772756640000,70939.5,71002.5,70937.0,71000.4,20.545
2026-03-06 00:25:00+00:00,1772756700000,71000.4,71000.5,70905.5,70912.4,7.067
2026-03-06 00:26:00+00:00,1772756760000,70912.4,70912.5,70816.4,70850.6,34.631
2026-03-06 00:27:00+00:00,1772756820000,70850.6,70891.6,70850.6,70873.7,16.479
2026-03-06 00:28:00+00:00,1772756880000,70873.7,70907.5,70867.8,70899.8,22.399
2026-03-06 00:29:00+00:00,1772756940000,70899.8,70903.4,70846.7,70878.5,13.116
2026-03-06 00:30:00+00:00,1772757000000,70878.5,70899.4,70860.0,70869.2,11.424
2026-03-06 00:31:00+00:00,1772757060000,70869.2,70883.7,70856.7,70860.8,8.283
2026-03-06 00:32:00+00:00,1772757120000,70860.8,70894.8,70832.5,70881.0,18.119
2026-03-06 00:33:00+00:00,1772757180000,70881.0,70940.8,70881.0,70931.7,13.16
2026-03-06 00:34:00+00:00,1772757240000,70931.7,70965.9,70881.6,70898.6,9.663
2026-03-06 00:35:00+00:00,1772757300000,70898.6,70908.4,70896.5,70899.9,3.58
2026-03-06 00:36:00+00:00,1772757360000,70899.9,70899.9,70851.6,70893.9,13.806
2026-03-06 00:37:00+00:00,1772757420000,70893.9,70912.8,70876.0,70904.1,4.97
2026-03-06 00:38:00+00:00,1772757480000,70904.1,70919.0,70888.6,70910.0,8.787
2026-03-06 00:39:00+00:00,1772757540000,70910.0,70929.9,70868.2,70888.5,5.983
2026-03-06 00:40:00+00:00,1772757600000,70888.5,70928.9,70885.0,70917.4,7.024
2026-03-06 00:41:00+00:00,1772757660000,70917.4,70917.4,70898.3,70898.3,5.938
2026-03-06 00:42:00+00:00,1772757720000,70898.3,70903.5,70885.8,70903.5,2.481
2026-03-06 00:43:00+00:00,1772757780000,70903.5,70903.5,70889.9,70892.0,4.995
2026-03-06 00:44:00+00:00,1772757840000,70892.0,70930.6,70861.0,70870.7,14.271
2026-03-06 00:45:00+00:00,1772757900000,70870.7,70876.4,70835.6,70868.9,9.867
2026-03-06 00:46:00+00:00,1772757960000,70868.9,70955.6,70868.9,70947.0,22.833
2026-03-06 00:47:00+00:00,1772758020000,70947.0,70950.5,70902.0,70919.1,14.01
2026-03-06 00:48:00+00:00,1772758080000,70919.1,70967.4,70918.9,70931.3,11.123
2026-03-06 00:49:00+00:00,1772758140000,70931.3,70931.3,70880.8,70880.9,13.151
2026-03-06 00:50:00+00:00,1772758200000,70880.9,70901.4,70851.4,70851.5,28.095
2026-03-06 00:51:00+00:00,1772758260000,70851.5,70851.5,70735.0,70833.3,80.175
2026-03-06 00:52:00+00:00,1772758320000,70833.3,70911.4,70833.3,70887.1,23.424
2026-03-06 00:53:00+00:00,1772758380000,70887.1,70898.8,70856.2,70884.8,6.672
2026-03-06 00:54:00+00:00,1772758440000,70884.8,70931.0,70884.8,70925.5,6.187
2026-03-06 00:55:00+00:00,1772758500000,70925.5,70925.9,70888.3,70910.1,8.631
2026-03-06 00:56:00+00:00,1772758560000,70910.1,70925.3,70880.1,70891.7,11.62
2026-03-06 00:57:00+00:00,1772758620000,70891.7,70891.8,70863.3,70884.2,5.366
2026-03-06 00:58:00+00:00,1772758680000,70884.2,70899.3,70875.3,70890.0,1.844
2026-03-06 00:59:00+00:00,1772758740000,70890.0,70954.7,70876.9,70945.7,14.659
2026-03-06 01:00:00+00:00,1772758800000,70945.7,70955.2,70879.3,70895.5,14.036
2026-03-06 01:01:00+00:00,1772758860000,70895.5,70908.7,70852.5,70880.0,16.4
2026-03-06 01:02:00+00:00,1772758920000,70880.0,70960.6,70879.9,70960.6,19.078
2026-03-06 01:03:00+00:00,1772758980000,70960.6,70985.5,70943.9,70947.9,18.747
2026-03-06 01:04:00+00:00,1772759040000,70947.9,70952.2,70857.2,70870.6,21.448
2026-03-06 01:05:00+00:00,1772759100000,70870.6,70936.7,70869.1,70904.8,23.294
2026-03-06 01:06:00+00:00,1772759160000,70904.8,70904.9,70855.0,70869.8,17.2
2026-03-06 01:07:00+00:00,1772759220000,70869.8,70884.5,70860.9,70884.5,13.335
2026-03-06 01:08:00+00:00,1772759280000,70884.5,70894.9,70855.6,70861.6,12.31
2026-03-06 01:09:00+00:00,1772759340000,70861.6,70883.1,70835.9,70855.7,89.279
2026-03-06 01:10:00+00:00,1772759400000,70855.7,70876.6,70831.0,70833.7,24.26
2026-03-06 01:11:00+00:00,1772759460000,70833.7,70872.0,70789.5,70843.9,42.642
2026-03-06 01:12:00+00:00,1772759520000,70843.9,70858.3,70784.4,70799.5,26.617
2026-03-06 01:13:00+00:00,1772759580000,70799.5,70821.0,70736.8,70773.7,119.86
2026-03-06 01:14:00+00:00,1772759640000,70773.7,70779.6,70714.1,70756.8,52.298
2026-03-06 01:15:00+00:00,1772759700000,70756.8,70793.0,70692.2,70793.0,49.259
2026-03-06 01:16:00+00:00,1772759760000,70793.0,70843.6,70782.5,70784.1,57.481
2026-03-06 01:17:00+00:00,1772759820000,70784.1,70816.7,70759.1,70816.7,21.78
2026-03-06 01:18:00+00:00,1772759880000,70816.7,70846.5,70802.5,70811.8,13.031
2026-03-06 01:19:00+00:00,1772759940000,70811.8,70854.6,70808.9,70809.0,8.024
2026-03-06 01:20:00+00:00,1772760000000,70809.0,70843.7,70808.9,70840.9,11.612
2026-03-06 01:21:00+00:00,1772760060000,70840.9,70853.0,70815.0,70835.7,11.122
2026-03-06 01:22:00+00:00,1772760120000,70835.7,70835.7,70770.2,70770.3,11.744
2026-03-06 01:23:00+00:00,1772760180000,70770.3,70784.5,70770.3,70777.7,5.765
2026-03-06 01:24:00+00:00,1772760240000,70777.7,70790.4,70771.8,70790.4,8.496
2026-03-06 01:25:00+00:00,1772760300000,70790.4,70810.6,70650.1,70652.3,52.446
2026-03-06 01:26:00+00:00,1772760360000,70652.3,70689.9,70450.0,70510.6,626.534
2026-03-06 01:27:00+00:00,1772760420000,70510.6,70547.3,70338.0,70385.0,780.332
2026-03-06 01:28:00+00:00,1772760480000,70385.0,70415.9,70336.2,70376.4,107.616
2026-03-06 01:29:00+00:00,1772760540000,70376.4,70447.9,70370.0,70420.8,91.296
2026-03-06 01:30:00+00:00,1772760600000,70420.8,70564.0,70412.4,70554.4,95.153
2026-03-06 01:31:00+00:00,1772760660000,70554.4,70808.6,70554.1,70682.7,250.992
2026-03-06 01:32:00+00:00,1772760720000,70682.7,70699.9,70628.5,70691.1,119.654
2026-03-06 01:33:00+00:00,1772760780000,70691.1,70750.0,70672.8,70750.0,55.571
2026-03-06 01:34:00+00:00,1772760840000,70750.0,70824.6,70749.9,70817.7,77.441
2026-03-06 01:35:00+00:00,1772760900000,70817.7,70969.7,70817.6,70919.4,259.801
2026-03-06 01:36:00+00:00,1772760960000,70919.4,70923.2,70804.8,70837.5,70.266
2026-03-06 01:37:00+00:00,1772761020000,70837.5,70961.4,70837.5,70959.5,33.132
2026-03-06 01:38:00+00:00,1772761080000,70959.5,71022.3,70910.8,71015.7,150.515
2026-03-06 01:39:00+00:00,1772761140000,71015.7,71017.4,70950.8,70954.2,77.532
2026-03-06 01:40:00+00:00,1772761200000,70954.2,71075.0,70954.2,71071.1,85.166
2026-03-06 01:41:00+00:00,1772761260000,71071.1,71078.1,71015.5,71045.5,68.101
2026-03-06 01:42:00+00:00,1772761320000,71045.5,71128.2,71031.5,71099.2,117.665
2026-03-06 01:43:00+00:00,1772761380000,71099.2,71100.7,71058.7,71070.2,49.224
2026-03-06 01:44:00+00:00,1772761440000,71070.2,71123.5,71066.8,71115.7,41.583
2026-03-06 01:45:00+00:00,1772761500000,71115.7,71169.0,71085.8,71099.3,85.071
2026-03-06 01:46:00+00:00,1772761560000,71099.3,71099.4,71026.4,71066.2,35.254
2026-03-06 01:47:00+00:00,1772761620000,71066.2,71202.3,71050.5,71174.8,100.834
2026-03-06 01:48:00+00:00,1772761680000,71174.8,71204.8,71070.0,71070.0,51.705
2026-03-06 01:49:00+00:00,1772761740000,71070.0,71118.4,71038.8,71118.4,26.811
2026-03-06 01:50:00+00:00,1772761800000,71118.4,71147.9,71073.9,71096.4,63.022
2026-03-06 01:51:00+00:00,1772761860000,71096.4,71235.0,71096.3,71201.8,125.235
2026-03-06 01:52:00+00:00,1772761920000,71201.8,71245.3,71195.7,71224.7,105.754
2026-03-06 01:53:00+00:00,1772761980000,71224.7,71224.8,71166.9,71185.5,22.437
2026-03-06 01:54:00+00:00,1772762040000,71185.5,71208.1,71104.5,71149.6,69.267
2026-03-06 01:55:00+00:00,1772762100000,71149.6,71191.6,71126.2,71191.6,17.3
2026-03-06 01:56:00+00:00,1772762160000,71191.6,71231.9,71177.1,71190.0,36.446
2026-03-06 01:57:00+00:00,1772762220000,71190.0,71259.8,71187.5,71213.0,65.806
2026-03-06 01:58:00+00:00,1772762280000,71213.0,71215.2,71172.5,71195.0,32.746
2026-03-06 01:59:00+00:00,1772762340000,71195.0,71228.6,71192.3,71209.2,53.001
2026-03-06 02:00:00+00:00,1772762400000,71209.2,71224.2,71134.3,71164.2,65.747
2026-03-06 02:01:00+00:00,1772762460000,71164.2,71236.5,71148.4,71156.8,24.027
2026-03-06 02:02:00+00:00,1772762520000,71156.8,71181.7,71118.3,71166.7,22.012
2026-03-06 02:03:00+00:00,1772762580000,71166.7,71264.2,71150.5,71232.4,27.949
2026-03-06 02:04:00+00:00,1772762640000,71232.4,71234.1,71145.5,71160.0,36.627
2026-03-06 02:05:00+00:00,1772762700000,71160.0,71177.4,71137.0,71169.3,42.631
2026-03-06 02:06:00+00:00,1772762760000,71169.3,71183.3,71120.0,71172.0,23.808
2026-03-06 02:07:00+00:00,1772762820000,71172.0,71247.6,71163.4,71229.9,17.254
2026-03-06 02:08:00+00:00,1772762880000,71229.9,71276.7,71229.4,71253.4,49.541
2026-03-06 02:09:00+00:00,1772762940000,71253.4,71253.4,71200.0,71220.0,20.14
2026-03-06 02:10:00+00:00,1772763000000,71220.0,71226.0,71179.2,71180.9,9.0
2026-03-06 02:11:00+00:00,1772763060000,71180.9,71196.3,71167.0,71195.2,16.735
2026-03-06 02:12:00+00:00,1772763120000,71195.2,71320.1,71195.1,71301.0,52.005
2026-03-06 02:13:00+00:00,1772763180000,71301.0,71338.0,71273.7,71326.7,57.227
2026-03-06 02:14:00+00:00,1772763240000,71326.7,71332.2,71262.2,71283.0,45.496
2026-03-06 02:15:00+00:00,1772763300000,71283.0,71284.5,71254.2,71269.2,33.51
2026-03-06 02:16:00+00:00,1772763360000,71269.2,71302.4,71204.0,71231.3,44.904
2026-03-06 02:17:00+00:00,1772763420000,71231.3,71254.5,71198.6,71215.3,47.276
2026-03-06 02:18:00+00:00,1772763480000,71215.3,71215.3,71113.0,71121.4,58.244
2026-03-06 02:19:00+00:00,1772763540000,71121.4,71148.8,71121.4,71122.3,22.021
2026-03-06 02:20:00+00:00,1772763600000,71122.3,71173.1,71017.0,71124.2,104.119
2026-03-06 02:21:00+00:00,1772763660000,71124.2,71124.5,70967.6,71077.1,87.487
2026-03-06 02:22:00+00:00,1772763720000,71077.1,71120.0,71056.9,71120.0,20.835
2026-03-06 02:23:00+00:00,1772763780000,71120.0,71164.0,71071.4,71096.4,16.59
2026-03-06 02:24:00+00:00,1772763840000,71096.4,71160.4,71090.1,71149.2,39.488
2026-03-06 02:25:00+00:00,1772763900000,71149.2,71368.6,71149.2,71361.9,119.011
2026-03-06 02:26:00+00:00,1772763960000,71361.9,71384.5,71200.3,71200.3,88.072
2026-03-06 02:27:00+00:00,1772764020000,71200.3,71200.3,71145.5,71163.2,33.539
2026-03-06 02:28:00+00:00,1772764080000,71163.2,71243.9,71163.2,71243.8,41.671
2026-03-06 02:29:00+00:00,1772764140000,71243.8,71312.1,71225.4,71291.9,50.138
2026-03-06 02:30:00+00:00,1772764200000,71291.9,71316.1,71209.9,71218.8,57.036
2026-03-06 02:31:00+00:00,1772764260000,71218.8,71236.8,71204.0,71210.0,13.389
2026-03-06 02:32:00+00:00,1772764320000,71210.0,71213.7,71123.1,71159.1,108.164
2026-03-06 02:33:00+00:00,1772764380000,71159.1,71196.6,71125.8,71135.3,19.763
2026-03-06 02:34:00+00:00,1772764440000,71135.3,71152.3,71125.4,71142.2,7.096
2026-03-06 02:35:00+00:00,1772764500000,71142.2,71150.1,71087.5,71118.9,18.733
2026-03-06 02:36:00+00:00,1772764560000,71118.9,71164.0,71099.1,71116.0,12.649
2026-03-06 02:37:00+00:00,1772764620000,71116.0,71167.5,71107.7,71107.7,30.266
2026-03-06 02:38:00+00:00,1772764680000,71107.7,71122.4,71096.1,71122.3,6.179
2026-03-06 02:39:00+00:00,1772764740000,71122.3,71203.5,71122.0,71203.5,27.04
2026-03-06 02:40:00+00:00,1772764800000,71203.5,71260.4,71185.5,71185.5,27.136
2026-03-06 02:41:00+00:00,1772764860000,71185.5,71231.9,71167.4,71230.3,21.737
2026-03-06 02:42:00+00:00,1772764920000,71230.3,71234.1,71204.4,71225.2,14.195
2026-03-06 02:43:00+00:00,1772764980000,71225.2,71276.4,71221.7,71249.6,10.292
2026-03-06 02:44:00+00:00,1772765040000,71249.6,71305.3,71247.7,71305.1,49.616
2026-03-06 02:45:00+00:00,1772765100000,71305.1,71334.7,71263.3,71281.7,36.105
2026-03-06 02:46:00+00:00,1772765160000,71281.7,71291.0,71260.0,71280.0,12.076
2026-03-06 02:47:00+00:00,1772765220000,71280.0,71281.7,71240.5,71269.3,21.688
2026-03-06 02:48:00+00:00,1772765280000,71269.3,71269.3,71225.2,71230.0,10.951
2026-03-06 02:49:00+00:00,1772765340000,71230.0,71297.5,71229.9,71281.9,35.102
2026-03-06 02:50:00+00:00,1772765400000,71281.9,71287.7,71173.9,71198.4,45.731
2026-03-06 02:51:00+00:00,1772765460000,71198.4,71204.4,71178.6,71202.7,23.669
2026-03-06 02:52:00+00:00,1772765520000,71202.7,71209.7,71180.1,71203.0,9.24
2026-03-06 02:53:00+00:00,1772765580000,71203.0,71220.6,71172.8,71199.0,12.707
2026-03-06 02:54:00+00:00,1772765640000,71199.0,71207.8,71154.9,71158.0,11.373
2026-03-06 02:55:00+00:00,1772765700000,71158.0,71182.8,71151.4,71176.9,11.015
2026-03-06 02:56:00+00:00,1772765760000,71176.9,71196.2,71151.2,71151.3,7.165
2026-03-06 02:57:00+00:00,1772765820000,71151.3,71179.9,71138.2,71179.9,11.631
2026-03-06 02:58:00+00:00,1772765880000,71179.9,71193.9,71167.0,71193.9,6.534
2026-03-06 02:59:00+00:00,1772765940000,71193.9,71213.0,71180.6,71201.7,13.109
2026-03-06 03:00:00+00:00,1772766000000,71201.7,71252.1,71191.9,71199.0,61.275
2026-03-06 03:01:00+00:00,1772766060000,71199.0,71218.0,71165.1,71165.1,43.962
2026-03-06 03:02:00+00:00,1772766120000,71165.1,71214.9,71162.8,71176.0,17.147
2026-03-06 03:03:00+00:00,1772766180000,71176.0,71176.1,71141.8,71175.4,8.865
2026-03-06 03:04:00+00:00,1772766240000,71175.4,71200.0,71167.6,71200.0,10.985
2026-03-06 03:05:00+00:00,1772766300000,71200.0,71244.9,71192.1,71192.2,25.106
2026-03-06 03:06:00+00:00,1772766360000,71192.2,71203.0,71158.9,71175.3,16.109
2026-03-06 03:07:00+00:00,1772766420000,71175.3,71204.4,71145.8,71177.4,15.812
2026-03-06 03:08:00+00:00,1772766480000,71177.4,71218.7,71177.4,71205.9,11.912
2026-03-06 03:09:00+00:00,1772766540000,71205.9,71218.9,71192.7,71197.6,32.651
2026-03-06 03:10:00+00:00,1772766600000,71197.6,71219.1,71189.5,71196.6,18.848
2026-03-06 03:11:00+00:00,1772766660000,71196.6,71207.1,71183.0,71183.0,5.977
2026-03-06 03:12:00+00:00,1772766720000,71183.0,71191.8,71013.6,71027.6,169.123
2026-03-06 03:13:00+00:00,1772766780000,71027.6,71068.8,71000.0,71000.0,25.591
2026-03-06 03:14:00+00:00,1772766840000,71000.0,71026.2,70981.0,71026.2,30.725
2026-03-06 03:15:00+00:00,1772766900000,71026.2,71035.6,70980.6,70990.9,44.517
2026-03-06 03:16:00+00:00,1772766960000,70990.9,71047.7,70970.3,71026.8,20.417
2026-03-06 03:17:00+00:00,1772767020000,71026.8,71043.3,71004.4,71012.9,14.75
2026-03-06 03:18:00+00:00,1772767080000,71012.9,71036.0,70970.8,70971.6,14.829
2026-03-06 03:19:00+00:00,1772767140000,70971.6,71026.2,70946.0,71026.1,41.865
2026-03-06 03:20:00+00:00,1772767200000,71026.1,71043.2,71017.0,71037.7,22.336
2026-03-06 03:21:00+00:00,1772767260000,71037.7,71088.2,71018.9,71068.8,24.323
2026-03-06 03:22:00+00:00,1772767320000,71068.8,71109.8,71068.8,71097.7,11.853
2026-03-06 03:23:00+00:00,1772767380000,71097.7,71173.0,71075.0,71173.0,18.784
2026-03-06 03:24:00+00:00,1772767440000,71173.0,71217.8,71129.0,71147.7,20.91
2026-03-06 03:25:00+00:00,1772767500000,71147.7,71151.5,71105.6,71151.5,17.901
2026-03-06 03:26:00+00:00,1772767560000,71151.5,71151.5,71128.8,71136.0,8.487
2026-03-06 03:27:00+00:00,1772767620000,71136.0,71168.3,71107.8,71107.8,39.495
2026-03-06 03:28:00+00:00,1772767680000,71107.8,71137.0,71100.1,71123.5,15.385
2026-03-06 03:29:00+00:00,1772767740000,71123.5,71134.0,71107.2,71133.8,5.836
2026-03-06 03:30:00+00:00,1772767800000,71133.8,71187.3,71126.6,71163.2,37.072
2026-03-06 03:31:00+00:00,1772767860000,71163.2,71181.6,71112.5,71112.6,11.656
2026-03-06 03:32:00+00:00,1772767920000,71112.6,71115.8,71046.5,71104.6,32.521
2026-03-06 03:33:00+00:00,1772767980000,71104.6,71128.3,71082.5,71122.7,14.196
2026-03-06 03:34:00+00:00,1772768040000,71122.7,71131.2,71092.8,71098.7,10.235
2026-03-06 03:35:00+00:00,1772768100000,71098.7,71125.9,71078.7,71078.8,9.215
2026-03-06 03:36:00+00:00,1772768160000,71078.8,71109.1,71050.3,71097.7,20.831
2026-03-06 03:37:00+00:00,1772768220000,71097.7,71100.9,71048.0,71077.3,7.38
2026-03-06 03:38:00+00:00,1772768280000,71077.3,71100.0,71077.3,71084.3,4.386
2026-03-06 03:39:00+00:00,1772768340000,71084.3,71138.9,71063.1,71063.1,45.559
2026-03-06 03:40:00+00:00,1772768400000,71063.1,71080.9,71048.9,71080.1,7.34
2026-03-06 03:41:00+00:00,1772768460000,71080.1,71080.1,71027.7,71055.9,8.552
2026-03-06 03:42:00+00:00,1772768520000,71055.9,71055.9,71020.8,71047.8,7.62
2026-03-06 03:43:00+00:00,1772768580000,71047.8,71081.6,71047.8,71068.4,3.93
2026-03-06 03:44:00+00:00,1772768640000,71068.4,71098.0,71045.2,71045.2,16.764
2026-03-06 03:45:00+00:00,1772768700000,71045.2,71058.4,71031.5,71035.1,9.794
2026-03-06 03:46:00+00:00,1772768760000,71035.1,71068.5,71028.7,71034.6,23.256
2026-03-06 03:47:00+00:00,1772768820000,71034.6,71080.2,71034.6,71077.6,14.305
2026-03-06 03:48:00+00:00,1772768880000,71077.6,71096.7,71067.0,71091.5,16.706
2026-03-06 03:49:00+00:00,1772768940000,71091.5,71107.8,71038.2,71038.3,15.712
2026-03-06 03:50:00+00:00,1772769000000,71038.3,71077.4,71030.9,71068.0,8.841
2026-03-06 03:51:00+00:00,1772769060000,71068.0,71077.5,71025.2,71032.0,21.557
2026-03-06 03:52:00+00:00,1772769120000,71032.0,71032.0,71000.1,71019.7,17.893
2026-03-06 03:53:00+00:00,1772769180000,71019.7,71056.4,71010.5,71047.6,46.645
2026-03-06 03:54:00+00:00,1772769240000,71047.6,71068.8,71005.4,71027.3,59.664
2026-03-06 03:55:00+00:00,1772769300000,71027.3,71050.9,70991.3,70991.4,17.434
2026-03-06 03:56:00+00:00,1772769360000,70991.4,70998.3,70969.8,70993.0,12.435
2026-03-06 03:57:00+00:00,1772769420000,70993.0,71026.6,70984.8,71018.0,66.1
2026-03-06 03:58:00+00:00,1772769480000,71018.0,71046.6,71014.9,71042.4,21.189
2026-03-06 03:59:00+00:00,1772769540000,71042.4,71069.7,71036.4,71038.7,19.334
2026-03-06 04:00:00+00:00,1772769600000,71038.7,71038.8,70911.2,70942.2,84.936
2026-03-06 04:01:00+00:00,1772769660000,70942.2,71015.7,70931.1,70977.6,59.005
2026-03-06 04:02:00+00:00,1772769720000,70977.6,71034.3,70977.6,71026.2,18.605
2026-03-06 04:03:00+00:00,1772769780000,71026.2,71026.2,70996.4,70999.7,9.539
2026-03-06 04:04:00+00:00,1772769840000,70999.7,71031.6,70986.4,71031.6,4.613
2026-03-06 04:05:00+00:00,1772769900000,71031.6,71088.4,71031.6,71065.8,31.689
2026-03-06 04:06:00+00:00,1772769960000,71065.8,71065.8,71023.5,71031.5,14.549
2026-03-06 04:07:00+00:00,1772770020000,71031.5,71031.6,70955.9,70985.1,13.244
2026-03-06 04:08:00+00:00,1772770080000,70985.1,71027.7,70975.0,70995.6,6.761
2026-03-06 04:09:00+00:00,1772770140000,70995.6,71008.8,70923.4,70942.4,13.387
2026-03-06 04:10:00+00:00,1772770200000,70942.4,70942.5,70869.0,70884.0,50.04
2026-03-06 04:11:00+00:00,1772770260000,70884.0,70930.9,70871.8,70908.1,17.874
2026-03-06 04:12:00+00:00,1772770320000,70908.1,70908.1,70886.7,70894.6,11.269
2026-03-06 04:13:00+00:00,1772770380000,70894.6,70899.5,70878.4,70885.9,6.582
2026-03-06 04:14:00+00:00,1772770440000,70885.9,70890.1,70847.8,70873.1,41.278
2026-03-06 04:15:00+00:00,1772770500000,70873.1,70880.4,70851.5,70875.0,15.962
2026-03-06 04:16:00+00:00,1772770560000,70875.0,70941.5,70861.8,70913.4,124.152
2026-03-06 04:17:00+00:00,1772770620000,70913.4,70934.3,70902.7,70902.7,13.784
2026-03-06 04:18:00+00:00,1772770680000,70902.7,70902.7,70857.2,70876.2,14.398
2026-03-06 04:19:00+00:00,1772770740000,70876.2,70896.3,70861.5,70895.9,9.643
2026-03-06 04:20:00+00:00,1772770800000,70895.9,70907.4,70881.8,70890.0,10.952
2026-03-06 04:21:00+00:00,1772770860000,70890.0,70896.6,70865.3,70883.8,6.906
2026-03-06 04:22:00+00:00,1772770920000,70883.8,70892.1,70856.1,70859.1,24.372
2026-03-06 04:23:00+00:00,1772770980000,70859.1,70885.7,70846.1,70879.9,12.713
2026-03-06 04:24:00+00:00,1772771040000,70879.9,70940.9,70879.9,70940.9,17.787
2026-03-06 04:25:00+00:00,1772771100000,70940.9,70940.9,70898.3,70907.8,11.698
2026-03-06 04:26:00+00:00,1772771160000,70907.8,70929.0,70850.0,70851.4,16.341
2026-03-06 04:27:00+00:00,1772771220000,70851.4,70871.9,70821.7,70867.6,34.355
2026-03-06 04:28:00+00:00,1772771280000,70867.6,70900.0,70867.6,70900.0,8.751
2026-03-06 04:29:00+00:00,1772771340000,70900.0,70900.0,70827.1,70832.5,15.703
2026-03-06 04:30:00+00:00,1772771400000,70832.5,70841.9,70780.0,70800.0,56.451
2026-03-06 04:31:00+00:00,1772771460000,70800.0,70810.2,70752.1,70757.0,69.249
2026-03-06 04:32:00+00:00,1772771520000,70757.0,70770.3,70728.0,70749.8,45.847
2026-03-06 04:33:00+00:00,1772771580000,70749.8,70877.6,70749.8,70874.7,27.666
2026-03-06 04:34:00+00:00,1772771640000,70874.7,70929.7,70856.4,70866.2,35.375
2026-03-06 04:35:00+00:00,1772771700000,70866.2,70874.6,70832.6,70832.6,17.581
2026-03-06 04:36:00+00:00,1772771760000,70832.6,70832.6,70780.3,70787.5,20.368
2026-03-06 04:37:00+00:00,1772771820000,70787.5,70802.4,70730.1,70749.0,17.864
2026-03-06 04:38:00+00:00,1772771880000,70749.0,70749.0,70676.0,70700.0,72.83
2026-03-06 04:39:00+00:00,1772771940000,70700.0,70709.0,70664.1,70678.3,30.466
2026-03-06 04:40:00+00:00,1772772000000,70678.3,70687.6,70358.2,70368.1,498.804
2026-03-06 04:41:00+00:00,1772772060000,70368.1,70436.0,70222.2,70429.5,807.958
2026-03-06 04:42:00+00:00,1772772120000,70429.5,70492.8,70360.6,70393.0,233.659
2026-03-06 04:43:00+00:00,1772772180000,70393.0,70439.1,70392.9,70437.3,127.612
2026-03-06 04:44:00+00:00,1772772240000,70437.3,70519.6,70437.2,70488.7,115.862
2026-03-06 04:45:00+00:00,1772772300000,70488.7,70545.9,70444.4,70521.4,123.023
2026-03-06 04:46:00+00:00,1772772360000,70521.4,70521.4,70450.0,70480.9,36.096
2026-03-06 04:47:00+00:00,1772772420000,70480.9,70545.0,70480.9,70542.3,100.82
2026-03-06 04:48:00+00:00,1772772480000,70542.3,70542.3,70473.8,70499.5,89.956
2026-03-06 04:49:00+00:00,1772772540000,70499.5,70537.0,70499.5,70513.8,22.323
2026-03-06 04:50:00+00:00,1772772600000,70513.8,70531.1,70501.7,70531.1,18.151
2026-03-06 04:51:00+00:00,1772772660000,70531.1,70592.3,70525.2,70589.3,44.525
2026-03-06 04:52:00+00:00,1772772720000,70589.3,70589.3,70527.2,70579.7,41.399
2026-03-06 04:53:00+00:00,1772772780000,70579.7,70579.7,70490.6,70490.7,20.208
2026-03-06 04:54:00+00:00,1772772840000,70490.7,70525.2,70469.4,70469.4,30.281
2026-03-06 04:55:00+00:00,1772772900000,70469.4,70500.0,70469.4,70500.0,29.315
2026-03-06 04:56:00+00:00,1772772960000,70500.0,70511.0,70478.7,70490.7,43.006
2026-03-06 04:57:00+00:00,1772773020000,70490.7,70500.1,70450.1,70494.9,41.714
2026-03-06 04:58:00+00:00,1772773080000,70494.9,70568.5,70494.9,70561.0,38.367
2026-03-06 04:59:00+00:00,1772773140000,70561.0,70587.8,70557.8,70582.8,36.019
2026-03-06 05:00:00+00:00,1772773200000,70582.8,70582.8,70510.6,70532.0,32.846
2026-03-06 05:01:00+00:00,1772773260000,70532.0,70590.8,70531.2,70545.6,26.471
2026-03-06 05:02:00+00:00,1772773320000,70545.6,70585.3,70531.1,70539.0,23.054
2026-03-06 05:03:00+00:00,1772773380000,70539.0,70554.1,70499.1,70523.2,23.306
2026-03-06 05:04:00+00:00,1772773440000,70523.2,70630.5,70523.2,70588.7,52.76
2026-03-06 05:05:00+00:00,1772773500000,70588.7,70602.3,70547.2,70574.0,26.554
2026-03-06 05:06:00+00:00,1772773560000,70574.0,70581.8,70530.5,70530.5,12.236
2026-03-06 05:07:00+00:00,1772773620000,70530.5,70541.6,70450.1,70450.1,43.883
2026-03-06 05:08:00+00:00,1772773680000,70450.1,70466.4,70409.1,70410.1,37.782
2026-03-06 05:09:00+00:00,1772773740000,70410.1,70483.6,70409.3,70469.7,20.545
2026-03-06 05:10:00+00:00,1772773800000,70469.7,70505.4,70440.4,70440.4,15.51
2026-03-06 05:11:00+00:00,1772773860000,70440.4,70440.5,70367.5,70383.7,108.268
2026-03-06 05:12:00+00:00,1772773920000,70383.7,70434.9,70354.0,70404.6,90.937
2026-03-06 05:13:00+00:00,1772773980000,70404.6,70420.1,70396.0,70402.6,16.065
2026-03-06 05:14:00+00:00,1772774040000,70402.6,70511.7,70402.5,70506.3,31.17
2026-03-06 05:15:00+00:00,1772774100000,70506.3,70598.0,70506.3,70573.0,34.087
2026-03-06 05:16:00+00:00,1772774160000,70573.0,70610.5,70568.7,70603.2,31.656
2026-03-06 05:17:00+00:00,1772774220000,70603.2,70605.7,70563.1,70582.1,44.995
2026-03-06 05:18:00+00:00,1772774280000,70582.1,70588.4,70548.7,70572.8,18.904
2026-03-06 05:19:00+00:00,1772774340000,70572.8,70607.9,70560.0,70561.7,29.887
2026-03-06 05:20:00+00:00,1772774400000,70561.7,70561.7,70513.2,70533.3,28.707
2026-03-06 05:21:00+00:00,1772774460000,70533.3,70565.8,70526.0,70562.8,10.582
2026-03-06 05:22:00+00:00,1772774520000,70562.8,70580.2,70544.6,70544.6,21.209
2026-03-06 05:23:00+00:00,1772774580000,70544.6,70544.6,70391.7,70404.6,42.598
2026-03-06 05:24:00+00:00,1772774640000,70404.6,70415.1,70300.0,70384.6,103.03
2026-03-06 05:25:00+00:00,1772774700000,70384.6,70399.7,70285.5,70328.9,53.505
2026-03-06 05:26:00+00:00,1772774760000,70328.9,70364.1,70300.9,70341.9,43.017
2026-03-06 05:27:00+00:00,1772774820000,70341.9,70341.9,70309.0,70314.2,32.126
2026-03-06 05:28:00+00:00,1772774880000,70314.2,70345.6,70281.1,70345.6,54.344
2026-03-06 05:29:00+00:00,1772774940000,70345.6,70390.4,70335.1,70358.7,44.779
2026-03-06 05:30:00+00:00,1772775000000,70358.7,70360.1,70288.0,70334.9,42.791
2026-03-06 05:31:00+00:00,1772775060000,70334.9,70396.7,70316.5,70396.7,62.203
2026-03-06 05:32:00+00:00,1772775120000,70396.7,70472.6,70386.9,70466.1,38.086
2026-03-06 05:33:00+00:00,1772775180000,70466.1,70466.1,70428.0,70428.1,13.434
2026-03-06 05:34:00+00:00,1772775240000,70428.1,70447.3,70252.5,70268.9,95.998
2026-03-06 05:35:00+00:00,1772775300000,70268.9,70321.6,70186.2,70321.6,226.298
2026-03-06 05:36:00+00:00,1772775360000,70321.6,70331.9,70244.8,70328.4,79.229
2026-03-06 05:37:00+00:00,1772775420000,70328.4,70371.1,70320.6,70360.8,24.368
2026-03-06 05:38:00+00:00,1772775480000,70360.8,70403.6,70360.7,70379.4,27.198
2026-03-06 05:39:00+00:00,1772775540000,70379.4,70379.5,70220.1,70258.4,57.548
2026-03-06 05:40:00+00:00,1772775600000,70258.4,70300.0,70233.8,70246.7,57.561
2026-03-06 05:41:00+00:00,1772775660000,70246.7,70251.8,70134.6,70214.5,158.557
2026-03-06 05:42:00+00:00,1772775720000,70214.5,70217.8,70125.0,70158.0,41.455
2026-03-06 05:43:00+00:00,1772775780000,70158.0,70190.7,70145.3,70154.6,44.412
2026-03-06 05:44:00+00:00,1772775840000,70154.6,70218.9,70154.6,70160.0,47.297
2026-03-06 05:45:00+00:00,1772775900000,70160.0,70197.8,70113.0,70189.2,43.72
2026-03-06 05:46:00+00:00,1772775960000,70189.2,70233.0,70188.0,70222.8,21.225
2026-03-06 05:47:00+00:00,1772776020000,70222.8,70249.7,70181.2,70185.0,71.01
2026-03-06 05:48:00+00:00,1772776080000,70185.0,70185.1,70114.0,70142.9,77.598
2026-03-06 05:49:00+00:00,1772776140000,70142.9,70151.5,70100.1,70126.0,44.578
2026-03-06 05:50:00+00:00,1772776200000,70126.0,70161.3,70104.3,70150.4,24.834
2026-03-06 05:51:00+00:00,1772776260000,70150.4,70167.4,70129.5,70154.7,10.646
2026-03-06 05:52:00+00:00,1772776320000,70154.7,70192.5,70141.3,70158.2,26.252
2026-03-06 05:53:00+00:00,1772776380000,70158.2,70309.9,70154.7,70306.8,458.289
2026-03-06 05:54:00+00:00,1772776440000,70306.8,70364.2,70284.5,70334.8,240.931
2026-03-06 05:55:00+00:00,1772776500000,70334.8,70345.8,70273.0,70280.9,29.79
2026-03-06 05:56:00+00:00,1772776560000,70280.9,70396.0,70269.3,70374.3,321.615
2026-03-06 05:57:00+00:00,1772776620000,70374.3,70493.7,70355.3,70391.9,392.146
2026-03-06 05:58:00+00:00,1772776680000,70391.9,70461.8,70379.7,70450.1,160.019
2026-03-06 05:59:00+00:00,1772776740000,70450.1,70450.1,70400.0,70400.4,173.783
2026-03-06 06:00:00+00:00,1772776800000,70400.4,70423.4,70362.0,70397.1,48.692
2026-03-06 06:01:00+00:00,1772776860000,70397.1,70407.6,70383.0,70385.0,23.244
2026-03-06 06:02:00+00:00,1772776920000,70385.0,70390.0,70373.5,70386.9,10.258
2026-03-06 06:03:00+00:00,1772776980000,70386.9,70386.9,70352.6,70360.6,14.255
2026-03-06 06:04:00+00:00,1772777040000,70360.6,70412.6,70342.7,70407.1,22.281
2026-03-06 06:05:00+00:00,1772777100000,70407.1,70407.1,70347.2,70352.6,22.905
2026-03-06 06:06:00+00:00,1772777160000,70352.6,70364.7,70288.0,70325.3,36.537
2026-03-06 06:07:00+00:00,1772777220000,70325.3,70356.3,70310.6,70356.2,37.789
2026-03-06 06:08:00+00:00,1772777280000,70356.2,70376.4,70344.0,70345.5,18.95
2026-03-06 06:09:00+00:00,1772777340000,70345.5,70347.2,70243.0,70304.8,52.794
2026-03-06 06:10:00+00:00,1772777400000,70304.8,70311.8,70254.3,70286.1,56.057
2026-03-06 06:11:00+00:00,1772777460000,70286.1,70286.1,70230.0,70247.5,36.601
2026-03-06 06:12:00+00:00,1772777520000,70247.5,70256.1,70245.5,70250.2,11.57
2026-03-06 06:13:00+00:00,1772777580000,70250.2,70287.6,70250.1,70271.6,19.522
2026-03-06 06:14:00+00:00,1772777640000,70271.6,70289.1,70270.9,70279.9,11.391
2026-03-06 06:15:00+00:00,1772777700000,70279.9,70302.6,70276.7,70296.0,10.377
2026-03-06 06:16:00+00:00,1772777760000,70296.0,70337.7,70295.3,70314.8,21.465
2026-03-06 06:17:00+00:00,1772777820000,70314.8,70314.8,70268.9,70285.7,18.06
2026-03-06 06:18:00+00:00,1772777880000,70285.7,70320.3,70274.4,70313.3,19.923
2026-03-06 06:19:00+00:00,1772777940000,70313.3,70365.4,70291.9,70365.4,41.035
2026-03-06 06:20:00+00:00,1772778000000,70365.4,70463.9,70350.0,70463.9,213.293
2026-03-06 06:21:00+00:00,1772778060000,70463.9,70470.5,70421.5,70421.5,40.162
2026-03-06 06:22:00+00:00,1772778120000,70421.5,70487.1,70421.5,70468.9,81.867
2026-03-06 06:23:00+00:00,1772778180000,70468.9,70485.3,70447.5,70461.1,28.858
2026-03-06 06:24:00+00:00,1772778240000,70461.1,70504.3,70461.1,70497.4,41.123
2026-03-06 06:25:00+00:00,1772778300000,70497.4,70497.4,70453.6,70465.1,16.303
2026-03-06 06:26:00+00:00,1772778360000,70465.1,70467.3,70452.0,70452.1,10.685
2026-03-06 06:27:00+00:00,1772778420000,70452.1,70459.6,70437.6,70437.6,10.967
2026-03-06 06:28:00+00:00,1772778480000,70437.6,70437.7,70400.3,70405.3,20.598
2026-03-06 06:29:00+00:00,1772778540000,70405.3,70406.0,70400.0,70400.1,29.585
2026-03-06 06:30:00+00:00,1772778600000,70400.1,70436.2,70398.3,70430.6,14.05
2026-03-06 06:31:00+00:00,1772778660000,70430.6,70434.9,70392.6,70412.0,9.822
2026-03-06 06:32:00+00:00,1772778720000,70412.0,70412.9,70366.8,70381.0,9.295
2026-03-06 06:33:00+00:00,1772778780000,70381.0,70416.9,70350.0,70396.6,8.689
2026-03-06 06:34:00+00:00,1772778840000,70396.6,70403.6,70363.1,70367.0,14.302
2026-03-06 06:35:00+00:00,1772778900000,70367.0,70376.9,70352.0,70356.4,8.601
2026-03-06 06:36:00+00:00,1772778960000,70356.4,70420.0,70356.4,70419.9,39.389
2026-03-06 06:37:00+00:00,1772779020000,70419.9,70456.7,70406.8,70445.0,18.974
2026-03-06 06:38:00+00:00,1772779080000,70445.0,70538.3,70444.9,70530.1,55.059
2026-03-06 06:39:00+00:00,1772779140000,70530.1,70576.7,70489.7,70500.0,78.005
2026-03-06 06:40:00+00:00,1772779200000,70500.0,70500.1,70446.3,70465.8,17.945
2026-03-06 06:41:00+00:00,1772779260000,70465.8,70558.7,70460.5,70555.4,16.933
2026-03-06 06:42:00+00:00,1772779320000,70555.4,70614.0,70555.3,70599.8,49.369
2026-03-06 06:43:00+00:00,1772779380000,70599.8,70665.8,70561.8,70604.5,131.814
2026-03-06 06:44:00+00:00,1772779440000,70604.5,70650.6,70599.0,70636.8,40.034
2026-03-06 06:45:00+00:00,1772779500000,70636.8,70652.7,70600.3,70606.5,42.66
2026-03-06 06:46:00+00:00,1772779560000,70606.5,70666.2,70600.0,70666.2,57.344
2026-03-06 06:47:00+00:00,1772779620000,70666.2,70724.8,70650.0,70724.7,87.564
2026-03-06 06:48:00+00:00,1772779680000,70724.7,70831.4,70724.7,70774.2,107.645
2026-03-06 06:49:00+00:00,1772779740000,70774.2,70774.3,70705.1,70709.0,36.902
2026-03-06 06:50:00+00:00,1772779800000,70709.0,70709.0,70684.3,70693.6,29.051
2026-03-06 06:51:00+00:00,1772779860000,70693.6,70693.6,70632.0,70634.3,41.633
2026-03-06 06:52:00+00:00,1772779920000,70634.3,70634.3,70593.4,70612.0,42.928
2026-03-06 06:53:00+00:00,1772779980000,70612.0,70625.8,70569.8,70572.6,27.181
2026-03-06 06:54:00+00:00,1772780040000,70572.6,70584.9,70559.3,70565.0,51.665
2026-03-06 06:55:00+00:00,1772780100000,70565.0,70611.3,70565.0,70597.5,36.006
2026-03-06 06:56:00+00:00,1772780160000,70597.5,70635.5,70588.3,70629.9,27.63
2026-03-06 06:57:00+00:00,1772780220000,70629.9,70638.9,70606.7,70616.3,8.742
2026-03-06 06:58:00+00:00,1772780280000,70616.3,70628.5,70610.4,70612.0,6.48
2026-03-06 06:59:00+00:00,1772780340000,70612.0,70612.0,70568.7,70571.6,27.826
2026-03-06 07:00:00+00:00,1772780400000,70571.6,70641.9,70571.6,70621.4,26.076
2026-03-06 07:01:00+00:00,1772780460000,70621.4,70668.8,70621.4,70646.5,50.008
2026-03-06 07:02:00+00:00,1772780520000,70646.5,70740.2,70646.5,70706.6,79.576
2026-03-06 07:03:00+00:00,1772780580000,70706.6,70775.0,70683.7,70769.8,50.299
2026-03-06 07:04:00+00:00,1772780640000,70769.8,70771.4,70727.6,70750.5,22.23
2026-03-06 07:05:00+00:00,1772780700000,70750.5,70784.8,70743.5,70743.5,41.469
2026-03-06 07:06:00+00:00,1772780760000,70743.5,70772.1,70708.6,70708.7,33.795
2026-03-06 07:07:00+00:00,1772780820000,70708.7,70725.3,70679.3,70710.3,27.974
2026-03-06 07:08:00+00:00,1772780880000,70710.3,70723.8,70686.0,70690.6,33.275
2026-03-06 07:09:00+00:00,1772780940000,70690.6,70690.6,70620.7,70625.0,25.071
2026-03-06 07:10:00+00:00,1772781000000,70625.0,70637.9,70558.5,70560.1,53.912
2026-03-06 07:11:00+00:00,1772781060000,70560.1,70563.7,70465.7,70472.7,73.571
2026-03-06 07:12:00+00:00,1772781120000,70472.7,70500.0,70435.1,70487.0,89.595
2026-03-06 07:13:00+00:00,1772781180000,70487.0,70542.7,70484.6,70542.6,24.809
2026-03-06 07:14:00+00:00,1772781240000,70542.6,70557.2,70516.4,70518.1,19.499
2026-03-06 07:15:00+00:00,1772781300000,70518.1,70563.1,70512.0,70531.6,12.762
2026-03-06 07:16:00+00:00,1772781360000,70531.6,70593.7,70513.8,70593.7,14.706
2026-03-06 07:17:00+00:00,1772781420000,70593.7,70649.4,70593.6,70616.7,24.109
2026-03-06 07:18:00+00:00,1772781480000,70616.7,70636.2,70590.3,70592.5,16.54
2026-03-06 07:19:00+00:00,1772781540000,70592.5,70626.9,70586.1,70622.4,15.881
2026-03-06 07:20:00+00:00,1772781600000,70622.4,70735.7,70622.4,70713.7,52.448
2026-03-06 07:21:00+00:00,1772781660000,70713.7,70749.9,70696.3,70696.3,29.715
2026-03-06 07:22:00+00:00,1772781720000,70696.3,70742.0,70690.7,70728.2,81.922
2026-03-06 07:23:00+00:00,1772781780000,70728.2,70742.0,70712.2,70731.0,19.726
2026-03-06 07:24:00+00:00,1772781840000,70731.0,70738.9,70712.7,70715.0,13.464
2026-03-06 07:25:00+00:00,1772781900000,70715.0,70719.8,70700.0,70700.0,31.514
2026-03-06 07:26:00+00:00,1772781960000,70700.0,70819.0,70668.3,70812.9,113.781
2026-03-06 07:27:00+00:00,1772782020000,70812.9,70858.4,70759.2,70856.2,94.523
2026-03-06 07:28:00+00:00,1772782080000,70856.2,70856.6,70808.9,70843.2,50.494
2026-03-06 07:29:00+00:00,1772782140000,70843.2,70844.7,70835.1,70835.1,37.898
2026-03-06 07:30:00+00:00,1772782200000,70835.1,70887.9,70835.1,70859.0,100.664
2026-03-06 07:31:00+00:00,1772782260000,70859.0,70921.6,70857.7,70899.0,120.038
2026-03-06 07:32:00+00:00,1772782320000,70899.0,70921.7,70851.2,70919.4,66.495
2026-03-06 07:33:00+00:00,1772782380000,70919.4,70963.8,70907.0,70954.5,92.028
2026-03-06 07:34:00+00:00,1772782440000,70954.5,70997.2,70903.8,70929.1,215.328
2026-03-06 07:35:00+00:00,1772782500000,70929.1,70929.2,70865.2,70901.9,80.181
2026-03-06 07:36:00+00:00,1772782560000,70901.9,70950.0,70891.8,70949.9,49.512
2026-03-06 07:37:00+00:00,1772782620000,70949.9,70980.0,70917.6,70917.7,60.439
2026-03-06 07:38:00+00:00,1772782680000,70917.7,70951.7,70905.9,70910.0,141.675
2026-03-06 07:39:00+00:00,1772782740000,70910.0,70913.3,70840.1,70864.1,75.408
2026-03-06 07:40:00+00:00,1772782800000,70864.1,70950.2,70864.0,70948.0,86.152
2026-03-06 07:41:00+00:00,1772782860000,70948.0,70996.0,70946.5,70995.9,39.51
2026-03-06 07:42:00+00:00,1772782920000,70995.9,71025.5,70969.3,71009.3,95.164
2026-03-06 07:43:00+00:00,1772782980000,71009.3,71033.1,70974.9,71003.1,60.011
2026-03-06 07:44:00+00:00,1772783040000,71003.1,71054.8,70990.4,71045.5,82.752
2026-03-06 07:45:00+00:00,1772783100000,71045.5,71100.0,71025.5,71071.0,89.049
2026-03-06 07:46:00+00:00,1772783160000,71071.0,71158.2,71070.0,71136.1,133.036
2026-03-06 07:47:00+00:00,1772783220000,71136.1,71137.7,71062.2,71121.9,151.662
2026-03-06 07:48:00+00:00,1772783280000,71121.9,71122.0,71053.7,71053.7,65.792
2026-03-06 07:49:00+00:00,1772783340000,71053.7,71104.8,71053.7,71087.0,24.487
2026-03-06 07:50:00+00:00,1772783400000,71087.0,71144.0,71080.0,71097.9,84.814
2026-03-06 07:51:00+00:00,1772783460000,71097.9,71098.0,71061.6,71065.2,50.022
2026-03-06 07:52:00+00:00,1772783520000,71065.2,71099.3,71060.0,71081.5,23.58
2026-03-06 07:53:00+00:00,1772783580000,71081.5,71081.5,71062.5,71066.5,20.506
2026-03-06 07:54:00+00:00,1772783640000,71066.5,71103.8,71066.0,71092.0,19.853
2026-03-06 07:55:00+00:00,1772783700000,71092.0,71092.1,71066.0,71066.1,20.451
2026-03-06 07:56:00+00:00,1772783760000,71066.1,71079.9,71040.0,71040.0,63.882
2026-03-06 07:57:00+00:00,1772783820000,71040.0,71066.5,71040.0,71056.8,12.23
2026-03-06 07:58:00+00:00,1772783880000,71056.8,71062.1,71021.1,71053.4,45.233
2026-03-06 07:59:00+00:00,1772783940000,71053.4,71053.5,71020.0,71035.1,30.128
2026-03-06 08:00:00+00:00,1772784000000,71035.1,71044.0,70978.2,70987.9,48.437
2026-03-06 08:01:00+00:00,1772784060000,70987.9,70998.7,70912.9,70945.2,63.91
2026-03-06 08:02:00+00:00,1772784120000,70945.2,70974.8,70916.2,70962.5,103.152
2026-03-06 08:03:00+00:00,1772784180000,70962.5,70994.5,70926.1,70930.9,44.895
2026-03-06 08:04:00+00:00,1772784240000,70930.9,70997.2,70899.5,70926.0,48.439
2026-03-06 08:05:00+00:00,1772784300000,70926.0,70959.2,70900.6,70904.3,42.009
2026-03-06 08:06:00+00:00,1772784360000,70904.3,70935.9,70879.0,70886.3,36.8
2026-03-06 08:07:00+00:00,1772784420000,70886.3,70928.8,70882.3,70915.3,60.385
2026-03-06 08:08:00+00:00,1772784480000,70915.3,70915.3,70864.3,70892.6,24.302
2026-03-06 08:09:00+00:00,1772784540000,70892.6,70924.3,70892.5,70906.6,30.791
2026-03-06 08:10:00+00:00,1772784600000,70906.6,70967.5,70863.5,70930.0,51.792
2026-03-06 08:11:00+00:00,1772784660000,70930.0,70930.1,70866.2,70904.6,16.068
2026-03-06 08:12:00+00:00,1772784720000,70904.6,70946.2,70884.0,70907.8,39.213
2026-03-06 08:13:00+00:00,1772784780000,70907.8,70914.6,70900.0,70907.6,12.037
2026-03-06 08:14:00+00:00,1772784840000,70907.6,70941.7,70907.6,70907.6,42.456
2026-03-06 08:15:00+00:00,1772784900000,70907.6,70940.7,70907.6,70927.1,18.97
2026-03-06 08:16:00+00:00,1772784960000,70927.1,70958.6,70924.3,70924.4,11.863
2026-03-06 08:17:00+00:00,1772785020000,70924.4,70951.6,70901.2,70915.7,15.928
2026-03-06 08:18:00+00:00,1772785080000,70915.7,70915.7,70856.7,70875.0,34.078
2026-03-06 08:19:00+00:00,1772785140000,70875.0,70968.6,70872.3,70944.2,11.734
2026-03-06 08:20:00+00:00,1772785200000,70944.2,70958.7,70888.8,70920.2,15.265
2026-03-06 08:21:00+00:00,1772785260000,70920.2,70926.2,70880.0,70885.0,11.042
2026-03-06 08:22:00+00:00,1772785320000,70885.0,70894.1,70865.1,70885.6,7.821
2026-03-06 08:23:00+00:00,1772785380000,70885.6,70885.8,70843.1,70885.1,49.538
2026-03-06 08:24:00+00:00,1772785440000,70885.1,70896.6,70865.4,70867.9,15.758
2026-03-06 08:25:00+00:00,1772785500000,70867.9,70868.0,70802.0,70820.1,72.825
2026-03-06 08:26:00+00:00,1772785560000,70820.1,70847.9,70808.4,70836.5,42.915
2026-03-06 08:27:00+00:00,1772785620000,70836.5,70842.6,70822.0,70832.9,13.472
2026-03-06 08:28:00+00:00,1772785680000,70832.9,70872.6,70832.9,70872.6,20.018
2026-03-06 08:29:00+00:00,1772785740000,70872.6,70937.1,70857.6,70904.7,37.341
2026-03-06 08:30:00+00:00,1772785800000,70904.7,70904.8,70849.7,70896.5,94.177
2026-03-06 08:31:00+00:00,1772785860000,70896.5,70935.7,70895.4,70917.6,66.12
2026-03-06 08:32:00+00:00,1772785920000,70917.6,71000.0,70917.6,70990.4,46.491
2026-03-06 08:33:00+00:00,1772785980000,70990.4,70990.4,70914.3,70942.3,26.798
2026-03-06 08:34:00+00:00,1772786040000,70942.3,70948.7,70898.0,70902.5,11.315
2026-03-06 08:35:00+00:00,1772786100000,70902.5,70971.2,70902.5,70971.2,26.19
2026-03-06 08:36:00+00:00,1772786160000,70971.2,70995.6,70964.6,70973.0,23.393
2026-03-06 08:37:00+00:00,1772786220000,70973.0,70999.3,70933.1,70933.1,28.728
2026-03-06 08:38:00+00:00,1772786280000,70933.1,70933.1,70850.7,70862.3,40.0
2026-03-06 08:39:00+00:00,1772786340000,70862.3,70887.7,70854.0,70883.9,28.189
2026-03-06 08:40:00+00:00,1772786400000,70883.9,70999.0,70883.9,70980.9,30.173
2026-03-06 08:41:00+00:00,1772786460000,70980.9,71000.0,70956.9,70956.9,21.276
2026-03-06 08:42:00+00:00,1772786520000,70956.9,70956.9,70881.2,70890.8,12.935
2026-03-06 08:43:00+00:00,1772786580000,70890.8,70900.3,70867.5,70880.7,25.744
2026-03-06 08:44:00+00:00,1772786640000,70880.7,70916.8,70880.6,70887.4,11.128
2026-03-06 08:45:00+00:00,1772786700000,70887.4,70920.0,70865.8,70920.0,13.571
2026-03-06 08:46:00+00:00,1772786760000,70920.0,70924.7,70875.0,70875.0,23.337
2026-03-06 08:47:00+00:00,1772786820000,70875.0,70923.6,70871.8,70923.6,9.314
2026-03-06 08:48:00+00:00,1772786880000,70923.6,70924.9,70886.4,70886.5,10.329
2026-03-06 08:49:00+00:00,1772786940000,70886.5,70890.9,70871.8,70885.6,9.378
2026-03-06 08:50:00+00:00,1772787000000,70885.6,70885.6,70842.0,70865.7,20.072
2026-03-06 08:51:00+00:00,1772787060000,70865.7,70865.7,70777.0,70798.5,171.176
2026-03-06 08:52:00+00:00,1772787120000,70798.5,70835.6,70791.6,70794.8,63.441
2026-03-06 08:53:00+00:00,1772787180000,70794.8,70795.3,70775.1,70785.4,44.579
2026-03-06 08:54:00+00:00,1772787240000,70785.4,70813.4,70775.1,70801.1,64.874
2026-03-06 08:55:00+00:00,1772787300000,70801.1,70806.0,70748.0,70748.0,51.386
2026-03-06 08:56:00+00:00,1772787360000,70748.0,70754.1,70726.0,70749.0,46.352
2026-03-06 08:57:00+00:00,1772787420000,70749.0,70763.2,70727.9,70740.0,21.243
2026-03-06 08:58:00+00:00,1772787480000,70740.0,70747.0,70714.3,70718.3,48.958
2026-03-06 08:59:00+00:00,1772787540000,70718.3,70760.4,70703.4,70760.4,46.636
2026-03-06 09:00:00+00:00,1772787600000,70760.4,70779.1,70721.9,70744.6,39.569
2026-03-06 09:01:00+00:00,1772787660000,70744.6,70746.0,70700.0,70722.9,29.093
2026-03-06 09:02:00+00:00,1772787720000,70722.9,70751.0,70707.0,70723.0,20.577
2026-03-06 09:03:00+00:00,1772787780000,70723.0,70787.6,70715.0,70746.8,57.06
2026-03-06 09:04:00+00:00,1772787840000,70746.8,70763.2,70725.2,70756.4,20.045
2026-03-06 09:05:00+00:00,1772787900000,70756.4,70765.4,70720.0,70728.1,29.266
2026-03-06 09:06:00+00:00,1772787960000,70728.1,70760.2,70722.0,70748.4,13.628
2026-03-06 09:07:00+00:00,1772788020000,70748.4,70770.4,70744.2,70744.2,13.115
2026-03-06 09:08:00+00:00,1772788080000,70744.2,70751.0,70673.6,70678.5,28.936
2026-03-06 09:09:00+00:00,1772788140000,70678.5,70678.5,70581.0,70639.0,92.728
2026-03-06 09:10:00+00:00,1772788200000,70639.0,70646.0,70556.1,70574.5,98.821
2026-03-06 09:11:00+00:00,1772788260000,70574.5,70590.0,70535.9,70535.9,45.624
2026-03-06 09:12:00+00:00,1772788320000,70535.9,70570.8,70515.0,70523.1,52.447
2026-03-06 09:13:00+00:00,1772788380000,70523.1,70564.0,70487.7,70513.5,55.048
2026-03-06 09:14:00+00:00,1772788440000,70513.5,70546.2,70512.8,70546.2,23.246
2026-03-06 09:15:00+00:00,1772788500000,70546.2,70550.0,70506.4,70532.1,54.167
2026-03-06 09:16:00+00:00,1772788560000,70532.1,70532.1,70463.6,70516.9,98.922
2026-03-06 09:17:00+00:00,1772788620000,70516.9,70534.7,70361.0,70445.9,157.902
2026-03-06 09:18:00+00:00,1772788680000,70445.9,70498.7,70422.0,70490.8,34.133
2026-03-06 09:19:00+00:00,1772788740000,70490.8,70586.6,70489.1,70557.9,39.532
2026-03-06 09:20:00+00:00,1772788800000,70557.9,70560.0,70498.8,70500.1,18.235
2026-03-06 09:21:00+00:00,1772788860000,70500.1,70520.7,70490.0,70490.0,9.146
2026-03-06 09:22:00+00:00,1772788920000,70490.0,70502.1,70461.5,70465.5,41.161
2026-03-06 09:23:00+00:00,1772788980000,70465.5,70498.0,70424.0,70489.0,27.837
2026-03-06 09:24:00+00:00,1772789040000,70489.0,70499.9,70422.9,70422.9,27.463
2026-03-06 09:25:00+00:00,1772789100000,70422.9,70447.2,70325.1,70397.0,72.437
2026-03-06 09:26:00+00:00,1772789160000,70397.0,70419.0,70356.0,70361.6,39.697
2026-03-06 09:27:00+00:00,1772789220000,70361.6,70389.3,70339.6,70356.0,25.35
2026-03-06 09:28:00+00:00,1772789280000,70356.0,70380.0,70328.0,70361.2,17.921
2026-03-06 09:29:00+00:00,1772789340000,70361.2,70388.1,70361.2,70376.9,16.928
2026-03-06 09:30:00+00:00,1772789400000,70376.9,70422.0,70341.5,70411.6,37.683
2026-03-06 09:31:00+00:00,1772789460000,70411.6,70431.0,70366.4,70386.2,17.728
2026-03-06 09:32:00+00:00,1772789520000,70386.2,70419.2,70369.1,70369.1,30.343
2026-03-06 09:33:00+00:00,1772789580000,70369.1,70404.8,70340.0,70340.0,62.84
2026-03-06 09:34:00+00:00,1772789640000,70340.0,70352.2,70275.0,70293.4,108.384
2026-03-06 09:35:00+00:00,1772789700000,70293.4,70346.1,70278.7,70318.8,27.22
2026-03-06 09:36:00+00:00,1772789760000,70318.8,70350.0,70282.0,70350.0,30.622
2026-03-06 09:37:00+00:00,1772789820000,70350.0,70372.0,70315.9,70339.0,37.357
2026-03-06 09:38:00+00:00,1772789880000,70339.0,70400.0,70339.0,70398.0,31.997
2026-03-06 09:39:00+00:00,1772789940000,70398.0,70428.6,70333.0,70333.0,72.01
2026-03-06 09:40:00+00:00,1772790000000,70333.0,70333.1,70267.0,70306.2,94.239
2026-03-06 09:41:00+00:00,1772790060000,70306.2,70383.0,70306.1,70376.5,22.526
2026-03-06 09:42:00+00:00,1772790120000,70376.5,70417.1,70344.9,70409.2,52.09
2026-03-06 09:43:00+00:00,1772790180000,70409.2,70486.9,70407.1,70468.0,70.212
2026-03-06 09:44:00+00:00,1772790240000,70468.0,70526.3,70432.5,70514.5,59.018
2026-03-06 09:45:00+00:00,1772790300000,70514.5,70577.2,70501.6,70562.1,77.958
2026-03-06 09:46:00+00:00,1772790360000,70562.1,70589.0,70426.9,70449.5,70.283
2026-03-06 09:47:00+00:00,1772790420000,70449.5,70483.9,70410.5,70437.0,41.755
2026-03-06 09:48:00+00:00,1772790480000,70437.0,70482.6,70424.6,70447.7,26.121
2026-03-06 09:49:00+00:00,1772790540000,70447.7,70468.2,70416.0,70450.8,63.684
2026-03-06 09:50:00+00:00,1772790600000,70450.8,70529.5,70440.3,70469.7,33.902
2026-03-06 09:51:00+00:00,1772790660000,70469.7,70516.7,70460.6,70476.8,29.146
2026-03-06 09:52:00+00:00,1772790720000,70476.8,70512.5,70450.1,70499.8,30.858
2026-03-06 09:53:00+00:00,1772790780000,70499.8,70556.8,70476.7,70530.2,19.503
2026-03-06 09:54:00+00:00,1772790840000,70530.2,70535.0,70459.8,70461.7,30.408
2026-03-06 09:55:00+00:00,1772790900000,70461.7,70479.2,70451.6,70479.2,32.109
2026-03-06 09:56:00+00:00,1772790960000,70479.2,70551.6,70479.2,70544.1,23.325
2026-03-06 09:57:00+00:00,1772791020000,70544.1,70597.0,70509.8,70514.1,77.864
2026-03-06 09:58:00+00:00,1772791080000,70514.1,70552.0,70514.1,70546.2,19.178
2026-03-06 09:59:00+00:00,1772791140000,70546.2,70549.8,70528.3,70528.7,21.522
2026-03-06 10:00:00+00:00,1772791200000,70528.7,70606.1,70488.7,70597.9,71.699
2026-03-06 10:01:00+00:00,1772791260000,70597.9,70617.0,70543.3,70552.1,22.071
2026-03-06 10:02:00+00:00,1772791320000,70552.1,70570.4,70518.0,70534.3,21.666
2026-03-06 10:03:00+00:00,1772791380000,70534.3,70621.5,70534.3,70596.0,79.15
2026-03-06 10:04:00+00:00,1772791440000,70596.0,70650.6,70588.4,70620.3,51.636
2026-03-06 10:05:00+00:00,1772791500000,70620.3,70711.3,70604.0,70673.7,88.14
2026-03-06 10:06:00+00:00,1772791560000,70673.7,70673.7,70621.5,70621.6,34.069
2026-03-06 10:07:00+00:00,1772791620000,70621.6,70630.3,70611.0,70611.0,25.72
2026-03-06 10:08:00+00:00,1772791680000,70611.0,70631.6,70608.2,70613.2,29.274
2026-03-06 10:09:00+00:00,1772791740000,70613.2,70642.8,70608.2,70642.8,24.093
2026-03-06 10:10:00+00:00,1772791800000,70642.8,70649.0,70620.6,70631.8,11.974
2026-03-06 10:11:00+00:00,1772791860000,70631.8,70636.1,70593.4,70596.1,18.154
2026-03-06 10:12:00+00:00,1772791920000,70596.1,70638.1,70596.1,70596.4,20.795
2026-03-06 10:13:00+00:00,1772791980000,70596.4,70615.8,70596.3,70604.6,13.003
2026-03-06 10:14:00+00:00,1772792040000,70604.6,70654.0,70599.9,70654.0,91.581
2026-03-06 10:15:00+00:00,1772792100000,70654.0,70679.1,70629.3,70633.3,17.21
2026-03-06 10:16:00+00:00,1772792160000,70633.3,70676.5,70611.4,70666.5,15.71
2026-03-06 10:17:00+00:00,1772792220000,70666.5,70691.4,70643.9,70685.5,45.045
2026-03-06 10:18:00+00:00,1772792280000,70685.5,70714.2,70651.8,70664.4,44.091
2026-03-06 10:19:00+00:00,1772792340000,70664.4,70664.5,70626.6,70630.4,24.115
2026-03-06 10:20:00+00:00,1772792400000,70630.4,70683.0,70629.4,70629.4,26.302
2026-03-06 10:21:00+00:00,1772792460000,70629.4,70668.5,70626.2,70637.4,14.884
2026-03-06 10:22:00+00:00,1772792520000,70637.4,70668.5,70631.5,70667.0,13.147
2026-03-06 10:23:00+00:00,1772792580000,70667.0,70721.7,70667.0,70721.7,16.088
2026-03-06 10:24:00+00:00,1772792640000,70721.7,70741.5,70702.2,70739.1,35.788
2026-03-06 10:25:00+00:00,1772792700000,70739.1,70739.4,70707.6,70729.0,36.918
2026-03-06 10:26:00+00:00,1772792760000,70729.0,70777.0,70725.0,70765.4,58.999
2026-03-06 10:27:00+00:00,1772792820000,70765.4,70767.0,70693.4,70710.5,66.229
2026-03-06 10:28:00+00:00,1772792880000,70710.5,70710.5,70675.4,70703.4,23.481
2026-03-06 10:29:00+00:00,1772792940000,70703.4,70761.0,70699.5,70746.2,60.339
2026-03-06 10:30:00+00:00,1772793000000,70746.2,70761.3,70630.0,70630.1,175.2
2026-03-06 10:31:00+00:00,1772793060000,70630.1,70671.3,70630.1,70662.4,39.327
2026-03-06 10:32:00+00:00,1772793120000,70662.4,70668.4,70578.6,70599.1,47.363
2026-03-06 10:33:00+00:00,1772793180000,70599.1,70604.9,70568.9,70575.6,17.241
2026-03-06 10:34:00+00:00,1772793240000,70575.6,70617.8,70561.7,70572.6,13.847
2026-03-06 10:35:00+00:00,1772793300000,70572.6,70575.4,70497.0,70512.7,95.277
2026-03-06 10:36:00+00:00,1772793360000,70512.7,70548.2,70512.7,70548.2,8.329
2026-03-06 10:37:00+00:00,1772793420000,70548.2,70560.0,70531.8,70551.7,14.023
2026-03-06 10:38:00+00:00,1772793480000,70551.7,70551.7,70504.1,70520.7,16.083
2026-03-06 10:39:00+00:00,1772793540000,70520.7,70528.7,70519.6,70519.7,16.254
2026-03-06 10:40:00+00:00,1772793600000,70519.7,70532.2,70513.2,70515.9,13.148
2026-03-06 10:41:00+00:00,1772793660000,70515.9,70540.2,70510.5,70533.7,7.258
2026-03-06 10:42:00+00:00,1772793720000,70533.7,70534.8,70505.1,70508.1,28.291
2026-03-06 10:43:00+00:00,1772793780000,70508.1,70512.5,70476.1,70493.0,17.845
2026-03-06 10:44:00+00:00,1772793840000,70493.0,70538.2,70492.9,70538.2,26.059
2026-03-06 10:45:00+00:00,1772793900000,70538.2,70538.2,70504.5,70506.9,12.103
2026-03-06 10:46:00+00:00,1772793960000,70506.9,70549.9,70503.2,70543.0,5.304
2026-03-06 10:47:00+00:00,1772794020000,70543.0,70572.7,70540.8,70562.1,13.91
2026-03-06 10:48:00+00:00,1772794080000,70562.1,70574.9,70535.3,70546.3,27.037
2026-03-06 10:49:00+00:00,1772794140000,70546.3,70546.3,70500.2,70500.3,4.656
2026-03-06 10:50:00+00:00,1772794200000,70500.3,70526.2,70453.4,70458.8,35.995
2026-03-06 10:51:00+00:00,1772794260000,70458.8,70485.7,70431.5,70485.6,23.419
2026-03-06 10:52:00+00:00,1772794320000,70485.6,70556.4,70485.6,70546.9,31.728
2026-03-06 10:53:00+00:00,1772794380000,70546.9,70584.0,70546.9,70547.0,20.217
2026-03-06 10:54:00+00:00,1772794440000,70547.0,70578.9,70500.8,70500.8,15.147
2026-03-06 10:55:00+00:00,1772794500000,70500.8,70503.4,70480.0,70503.4,8.51
2026-03-06 10:56:00+00:00,1772794560000,70503.4,70540.4,70492.2,70540.3,32.61
2026-03-06 10:57:00+00:00,1772794620000,70540.3,70583.9,70523.5,70542.0,23.881
2026-03-06 10:58:00+00:00,1772794680000,70542.0,70547.4,70514.4,70530.4,21.24
2026-03-06 10:59:00+00:00,1772794740000,70530.4,70543.5,70506.8,70506.8,13.792
2026-03-06 11:00:00+00:00,1772794800000,70506.8,70507.9,70440.5,70485.3,28.083
2026-03-06 11:01:00+00:00,1772794860000,70485.3,70492.5,70458.3,70458.3,19.834
2026-03-06 11:02:00+00:00,1772794920000,70458.3,70463.3,70431.3,70459.1,8.303
2026-03-06 11:03:00+00:00,1772794980000,70459.1,70459.2,70422.0,70422.0,21.312
2026-03-06 11:04:00+00:00,1772795040000,70422.0,70423.9,70400.0,70423.9,33.907
2026-03-06 11:05:00+00:00,1772795100000,70423.9,70442.3,70393.6,70394.6,20.614
2026-03-06 11:06:00+00:00,1772795160000,70394.6,70457.3,70388.4,70452.0,35.184
2026-03-06 11:07:00+00:00,1772795220000,70452.0,70482.1,70439.7,70443.4,17.965
2026-03-06 11:08:00+00:00,1772795280000,70443.4,70453.5,70412.3,70421.0,15.987
2026-03-06 11:09:00+00:00,1772795340000,70421.0,70498.0,70421.0,70423.0,24.737
2026-03-06 11:10:00+00:00,1772795400000,70423.0,70445.8,70388.0,70395.0,29.545
2026-03-06 11:11:00+00:00,1772795460000,70395.0,70458.4,70390.7,70458.4,15.832
2026-03-06 11:12:00+00:00,1772795520000,70458.4,70587.3,70458.4,70548.1,38.195
2026-03-06 11:13:00+00:00,1772795580000,70548.1,70591.5,70520.0,70550.8,143.881
2026-03-06 11:14:00+00:00,1772795640000,70550.8,70550.8,70515.9,70531.8,22.479
2026-03-06 11:15:00+00:00,1772795700000,70531.8,70536.7,70492.9,70504.1,17.653
2026-03-06 11:16:00+00:00,1772795760000,70504.1,70531.1,70504.1,70521.5,42.779
2026-03-06 11:17:00+00:00,1772795820000,70521.5,70549.3,70520.4,70534.1,23.92
2026-03-06 11:18:00+00:00,1772795880000,70534.1,70534.1,70481.0,70497.3,14.582
2026-03-06 11:19:00+00:00,1772795940000,70497.3,70518.9,70493.5,70504.1,23.08
2026-03-06 11:20:00+00:00,1772796000000,70504.1,70524.6,70485.3,70523.2,19.869
2026-03-06 11:21:00+00:00,1772796060000,70523.2,70541.8,70519.2,70540.9,6.117
2026-03-06 11:22:00+00:00,1772796120000,70540.9,70548.1,70530.3,70530.4,5.227
2026-03-06 11:23:00+00:00,1772796180000,70530.4,70530.4,70481.6,70483.5,8.947
2026-03-06 11:24:00+00:00,1772796240000,70483.5,70534.4,70472.7,70498.6,29.065
2026-03-06 11:25:00+00:00,1772796300000,70498.6,70546.3,70498.5,70546.2,9.349
2026-03-06 11:26:00+00:00,1772796360000,70546.2,70548.0,70529.4,70529.5,9.825
2026-03-06 11:27:00+00:00,1772796420000,70529.5,70551.5,70516.9,70521.4,6.671
2026-03-06 11:28:00+00:00,1772796480000,70521.4,70535.5,70500.1,70526.4,12.241
2026-03-06 11:29:00+00:00,1772796540000,70526.4,70542.6,70525.8,70525.8,7.818
2026-03-06 11:30:00+00:00,1772796600000,70525.8,70525.8,70488.6,70513.5,21.114
2026-03-06 11:31:00+00:00,1772796660000,70513.5,70528.3,70494.9,70497.4,6.417
2026-03-06 11:32:00+00:00,1772796720000,70497.4,70497.4,70467.9,70482.7,15.513
2026-03-06 11:33:00+00:00,1772796780000,70482.7,70500.0,70476.0,70484.0,9.344
2026-03-06 11:34:00+00:00,1772796840000,70484.0,70484.0,70442.5,70446.9,22.741
2026-03-06 11:35:00+00:00,1772796900000,70446.9,70542.0,70443.3,70538.5,47.582
2026-03-06 11:36:00+00:00,1772796960000,70538.5,70631.6,70510.0,70582.0,66.319
2026-03-06 11:37:00+00:00,1772797020000,70582.0,70598.2,70551.0,70553.5,22.874
2026-03-06 11:38:00+00:00,1772797080000,70553.5,70590.3,70551.1,70586.2,13.494
2026-03-06 11:39:00+00:00,1772797140000,70586.2,70590.1,70560.1,70570.1,20.516
2026-03-06 11:40:00+00:00,1772797200000,70570.1,70588.1,70551.8,70583.3,14.851
2026-03-06 11:41:00+00:00,1772797260000,70583.3,70583.3,70507.3,70515.7,24.475
2026-03-06 11:42:00+00:00,1772797320000,70515.7,70520.0,70400.0,70400.0,54.18
2026-03-06 11:43:00+00:00,1772797380000,70400.0,70434.5,70323.0,70344.9,66.681
2026-03-06 11:44:00+00:00,1772797440000,70344.9,70415.0,70344.9,70356.6,59.946
2026-03-06 11:45:00+00:00,1772797500000,70356.6,70371.0,70280.0,70285.8,97.585
2026-03-06 11:46:00+00:00,1772797560000,70285.8,70308.3,70268.9,70278.3,93.17
2026-03-06 11:47:00+00:00,1772797620000,70278.3,70313.9,70269.8,70286.6,57.428
2026-03-06 11:48:00+00:00,1772797680000,70286.6,70308.0,70269.8,70290.1,31.223
2026-03-06 11:49:00+00:00,1772797740000,70290.1,70308.9,70264.2,70279.9,22.332
2026-03-06 11:50:00+00:00,1772797800000,70279.9,70289.3,70250.0,70259.9,29.504
2026-03-06 11:51:00+00:00,1772797860000,70259.9,70259.9,70202.9,70236.7,96.19
2026-03-06 11:52:00+00:00,1772797920000,70236.7,70249.8,70202.0,70211.4,95.601
2026-03-06 11:53:00+00:00,1772797980000,70211.4,70244.4,70211.4,70224.0,48.007
2026-03-06 11:54:00+00:00,1772798040000,70224.0,70242.0,70221.6,70229.1,36.317
2026-03-06 11:55:00+00:00,1772798100000,70229.1,70238.2,70200.0,70201.5,32.141
2026-03-06 11:56:00+00:00,1772798160000,70201.5,70213.3,70166.0,70176.1,81.052
2026-03-06 11:57:00+00:00,1772798220000,70176.1,70194.9,70160.1,70160.2,36.387
2026-03-06 11:58:00+00:00,1772798280000,70160.2,70182.8,70150.1,70176.5,61.322
2026-03-06 11:59:00+00:00,1772798340000,70176.5,70215.6,70163.0,70183.7,113.941
2026-03-06 12:00:00+00:00,1772798400000,70183.7,70198.2,70150.1,70170.0,56.711
2026-03-06 12:01:00+00:00,1772798460000,70170.0,70200.0,70014.7,70199.2,571.264
2026-03-06 12:02:00+00:00,1772798520000,70199.2,70199.2,70123.4,70154.5,83.622
2026-03-06 12:03:00+00:00,1772798580000,70154.5,70184.5,70105.5,70171.8,75.685
2026-03-06 12:04:00+00:00,1772798640000,70171.8,70182.2,70114.4,70132.9,54.822
2026-03-06 12:05:00+00:00,1772798700000,70132.9,70154.1,70115.4,70115.4,43.774
2026-03-06 12:06:00+00:00,1772798760000,70115.4,70130.6,70069.0,70074.3,57.65
2026-03-06 12:07:00+00:00,1772798820000,70074.3,70081.2,69909.5,69921.2,575.125
2026-03-06 12:08:00+00:00,1772798880000,69921.2,69989.7,69859.4,69872.2,267.123
2026-03-06 12:09:00+00:00,1772798940000,69872.2,69897.6,69778.3,69808.1,746.374
2026-03-06 12:10:00+00:00,1772799000000,69808.1,69811.7,69778.3,69785.2,163.333
2026-03-06 12:11:00+00:00,1772799060000,69785.2,69803.9,69778.3,69790.1,139.796
2026-03-06 12:12:00+00:00,1772799120000,69790.1,69860.2,69778.3,69856.6,266.137
2026-03-06 12:13:00+00:00,1772799180000,69856.6,69941.2,69838.7,69900.0,140.706
2026-03-06 12:14:00+00:00,1772799240000,69900.0,69901.0,69881.0,69900.0,84.642
2026-03-06 12:15:00+00:00,1772799300000,69900.0,69969.5,69893.8,69940.4,95.523
2026-03-06 12:16:00+00:00,1772799360000,69940.4,70040.0,69919.2,70016.2,108.233
2026-03-06 12:17:00+00:00,1772799420000,70016.2,70024.3,69972.1,69974.8,61.504
2026-03-06 12:18:00+00:00,1772799480000,69974.8,70112.8,69957.0,70102.8,155.389
2026-03-06 12:19:00+00:00,1772799540000,70102.8,70158.5,70076.9,70158.5,113.455
2026-03-06 12:20:00+00:00,1772799600000,70158.5,70170.0,70098.5,70109.1,76.122
2026-03-06 12:21:00+00:00,1772799660000,70109.1,70109.2,70063.1,70065.0,85.941
2026-03-06 12:22:00+00:00,1772799720000,70065.0,70081.3,70034.0,70058.7,59.95
2026-03-06 12:23:00+00:00,1772799780000,70058.7,70096.0,70047.8,70078.1,35.208
2026-03-06 12:24:00+00:00,1772799840000,70078.1,70100.0,70065.0,70077.0,30.48
2026-03-06 12:25:00+00:00,1772799900000,70077.0,70094.6,70034.7,70040.4,25.191
2026-03-06 12:26:00+00:00,1772799960000,70040.4,70109.8,70040.2,70090.8,40.626
2026-03-06 12:27:00+00:00,1772800020000,70090.8,70101.9,70023.4,70032.3,47.145
2026-03-06 12:28:00+00:00,1772800080000,70032.3,70050.0,70008.3,70008.3,36.495
2026-03-06 12:29:00+00:00,1772800140000,70008.3,70008.4,69976.5,69978.4,36.779
2026-03-06 12:30:00+00:00,1772800200000,69978.4,70022.3,69978.3,70017.0,22.784
2026-03-06 12:31:00+00:00,1772800260000,70017.0,70024.1,69902.0,69921.0,87.342
2026-03-06 12:32:00+00:00,1772800320000,69921.0,69969.4,69915.4,69924.5,23.73
2026-03-06 12:33:00+00:00,1772800380000,69924.5,69935.8,69821.9,69838.2,57.722
2026-03-06 12:34:00+00:00,1772800440000,69838.2,69895.6,69820.8,69852.9,45.007
2026-03-06 12:35:00+00:00,1772800500000,69852.9,69854.8,69709.1,69718.7,339.052
2026-03-06 12:36:00+00:00,1772800560000,69718.7,69790.5,69647.2,69790.4,315.461
2026-03-06 12:37:00+00:00,1772800620000,69790.4,69843.1,69757.4,69827.4,175.549
2026-03-06 12:38:00+00:00,1772800680000,69827.4,69835.5,69705.9,69737.9,51.041
2026-03-06 12:39:00+00:00,1772800740000,69737.9,69765.8,69696.8,69740.5,51.372
2026-03-06 12:40:00+00:00,1772800800000,69740.5,69753.0,69690.8,69702.1,81.491
2026-03-06 12:41:00+00:00,1772800860000,69702.1,69841.0,69702.1,69804.5,104.236
2026-03-06 12:42:00+00:00,1772800920000,69804.5,69830.6,69750.0,69750.1,41.42
2026-03-06 12:43:00+00:00,1772800980000,69750.1,69786.9,69737.8,69748.4,25.203
2026-03-06 12:44:00+00:00,1772801040000,69748.4,69754.8,69706.8,69723.8,35.08
2026-03-06 12:45:00+00:00,1772801100000,69723.8,69769.0,69706.5,69706.7,43.792
2026-03-06 12:46:00+00:00,1772801160000,69706.7,69747.9,69702.3,69715.7,39.273
2026-03-06 12:47:00+00:00,1772801220000,69715.7,69715.8,69625.2,69656.2,139.115
2026-03-06 12:48:00+00:00,1772801280000,69656.2,69728.0,69656.2,69695.4,84.47
2026-03-06 12:49:00+00:00,1772801340000,69695.4,69750.0,69693.6,69740.0,46.962
2026-03-06 12:50:00+00:00,1772801400000,69740.0,69833.2,69720.6,69808.9,62.26
2026-03-06 12:51:00+00:00,1772801460000,69808.9,69822.8,69769.0,69808.2,78.741
2026-03-06 12:52:00+00:00,1772801520000,69808.2,69918.9,69808.1,69917.1,70.8
2026-03-06 12:53:00+00:00,1772801580000,69917.1,69917.2,69823.3,69835.6,22.636
2026-03-06 12:54:00+00:00,1772801640000,69835.6,69890.9,69835.5,69883.6,88.923
2026-03-06 12:55:00+00:00,1772801700000,69883.6,70016.9,69875.1,69991.1,231.171
2026-03-06 12:56:00+00:00,1772801760000,69991.1,70044.9,69991.1,70022.3,93.083
2026-03-06 12:57:00+00:00,1772801820000,70022.3,70022.3,69945.3,69972.8,51.952
2026-03-06 12:58:00+00:00,1772801880000,69972.8,69972.9,69931.8,69957.8,74.036
2026-03-06 12:59:00+00:00,1772801940000,69957.8,69962.1,69884.4,69895.1,44.587
2026-03-06 13:00:00+00:00,1772802000000,69895.1,70019.5,69888.6,69962.3,382.774
2026-03-06 13:01:00+00:00,1772802060000,69962.3,69970.0,69940.1,69954.9,34.346
2026-03-06 13:02:00+00:00,1772802120000,69954.9,69954.9,69871.2,69906.0,49.328
2026-03-06 13:03:00+00:00,1772802180000,69906.0,69931.2,69866.4,69874.2,37.94
2026-03-06 13:04:00+00:00,1772802240000,69874.2,69925.5,69870.0,69900.4,11.411
2026-03-06 13:05:00+00:00,1772802300000,69900.4,69942.5,69900.4,69910.4,27.295
2026-03-06 13:06:00+00:00,1772802360000,69910.4,69993.4,69905.3,69976.9,36.237
2026-03-06 13:07:00+00:00,1772802420000,69976.9,69997.9,69955.9,69990.7,32.196
2026-03-06 13:08:00+00:00,1772802480000,69990.7,69990.7,69897.0,69897.1,23.824
2026-03-06 13:09:00+00:00,1772802540000,69897.1,69948.4,69897.1,69947.5,22.478
2026-03-06 13:10:00+00:00,1772802600000,69947.5,69972.1,69933.5,69965.7,20.434
2026-03-06 13:11:00+00:00,1772802660000,69965.7,69981.0,69933.1,69981.0,16.97
2026-03-06 13:12:00+00:00,1772802720000,69981.0,70011.0,69973.8,69984.7,22.078
2026-03-06 13:13:00+00:00,1772802780000,69984.7,70010.2,69959.8,69997.3,19.912
2026-03-06 13:14:00+00:00,1772802840000,69997.3,70005.5,69963.4,69964.8,21.987
2026-03-06 13:15:00+00:00,1772802900000,69964.8,69973.8,69942.3,69973.8,16.493
2026-03-06 13:16:00+00:00,1772802960000,69973.8,70000.0,69960.8,69999.5,22.456
2026-03-06 13:17:00+00:00,1772803020000,69999.5,70000.0,69938.0,69939.6,22.104
2026-03-06 13:18:00+00:00,1772803080000,69939.6,69959.0,69894.9,69958.9,40.773
2026-03-06 13:19:00+00:00,1772803140000,69958.9,70020.7,69954.0,69993.8,117.178
2026-03-06 13:20:00+00:00,1772803200000,69993.8,69993.9,69859.4,69861.5,62.158
2026-03-06 13:21:00+00:00,1772803260000,69861.5,69898.9,69795.7,69883.3,70.081
2026-03-06 13:22:00+00:00,1772803320000,69883.3,69941.9,69869.8,69931.1,21.337
2026-03-06 13:23:00+00:00,1772803380000,69931.1,69935.6,69892.0,69926.6,27.345
2026-03-06 13:24:00+00:00,1772803440000,69926.6,70028.0,69919.7,70008.5,52.783
2026-03-06 13:25:00+00:00,1772803500000,70008.5,70190.6,69975.9,70058.7,364.429
2026-03-06 13:26:00+00:00,1772803560000,70058.7,70109.5,70049.8,70049.8,119.971
2026-03-06 13:27:00+00:00,1772803620000,70049.8,70097.5,70047.0,70090.8,47.567
2026-03-06 13:28:00+00:00,1772803680000,70090.8,70135.4,70038.4,70068.9,66.086
2026-03-06 13:29:00+00:00,1772803740000,70068.9,70094.6,70027.3,70028.5,128.629
2026-03-06 13:30:00+00:00,1772803800000,70028.5,70075.2,69708.8,69900.8,1087.879
2026-03-06 13:31:00+00:00,1772803860000,69900.8,70027.3,69787.0,69942.4,283.749
2026-03-06 13:32:00+00:00,1772803920000,69942.4,70037.9,69876.0,69990.1,137.315
2026-03-06 13:33:00+00:00,1772803980000,69990.1,70129.9,69946.0,70009.5,152.695
2026-03-06 13:34:00+00:00,1772804040000,70009.5,70175.2,69969.2,70146.2,207.834
2026-03-06 13:35:00+00:00,1772804100000,70146.2,70299.0,70134.3,70243.6,501.7
2026-03-06 13:36:00+00:00,1772804160000,70243.6,70258.9,70160.2,70160.5,141.845
2026-03-06 13:37:00+00:00,1772804220000,70160.5,70178.0,70053.9,70137.0,101.903
2026-03-06 13:38:00+00:00,1772804280000,70137.0,70161.8,70080.4,70085.1,48.792
2026-03-06 13:39:00+00:00,1772804340000,70085.1,70108.0,70031.0,70070.3,77.65
2026-03-06 13:40:00+00:00,1772804400000,70070.3,70070.3,69900.0,69938.4,133.5
2026-03-06 13:41:00+00:00,1772804460000,69938.4,69972.2,69908.6,69908.6,62.626
2026-03-06 13:42:00+00:00,1772804520000,69908.6,69950.0,69901.2,69933.0,53.603
2026-03-06 13:43:00+00:00,1772804580000,69933.0,70080.8,69914.3,70064.8,48.87
2026-03-06 13:44:00+00:00,1772804640000,70064.8,70066.5,70018.3,70049.1,60.056
2026-03-06 13:45:00+00:00,1772804700000,70049.1,70049.8,69832.1,69838.2,152.089
2026-03-06 13:46:00+00:00,1772804760000,69838.2,69904.4,69786.0,69821.2,283.456
2026-03-06 13:47:00+00:00,1772804820000,69821.2,69868.6,69810.9,69851.3,20.918
2026-03-06 13:48:00+00:00,1772804880000,69851.3,69900.0,69811.0,69889.9,53.928
2026-03-06 13:49:00+00:00,1772804940000,69889.9,69951.4,69871.2,69929.5,29.37
2026-03-06 13:50:00+00:00,1772805000000,69929.5,69964.9,69822.4,69845.6,95.508
2026-03-06 13:51:00+00:00,1772805060000,69845.6,69932.7,69802.8,69807.8,70.715
2026-03-06 13:52:00+00:00,1772805120000,69807.8,69899.7,69760.5,69875.0,95.344
2026-03-06 13:53:00+00:00,1772805180000,69875.0,69880.4,69841.2,69867.8,32.729
2026-03-06 13:54:00+00:00,1772805240000,69867.8,69927.2,69864.6,69925.6,49.889
2026-03-06 13:55:00+00:00,1772805300000,69925.6,69931.5,69382.8,69400.0,2188.162
2026-03-06 13:56:00+00:00,1772805360000,69400.0,69442.6,69300.0,69393.0,725.283
2026-03-06 13:57:00+00:00,1772805420000,69393.0,69416.8,69266.0,69277.1,432.349
2026-03-06 13:58:00+00:00,1772805480000,69277.1,69348.4,69243.7,69326.5,213.501
2026-03-06 13:59:00+00:00,1772805540000,69326.5,69333.0,69165.0,69182.8,465.318
2026-03-06 14:00:00+00:00,1772805600000,69182.8,69225.0,68842.5,68869.6,1323.36
2026-03-06 14:01:00+00:00,1772805660000,68869.6,69156.3,68840.4,69023.3,596.456
2026-03-06 14:02:00+00:00,1772805720000,69023.3,69143.4,68970.3,69115.8,296.563
2026-03-06 14:03:00+00:00,1772805780000,69115.8,69217.4,69104.1,69188.1,228.682
2026-03-06 14:04:00+00:00,1772805840000,69188.1,69215.9,69092.4,69132.1,214.14
2026-03-06 14:05:00+00:00,1772805900000,69132.1,69150.0,68998.2,69000.0,207.822
2026-03-06 14:06:00+00:00,1772805960000,69000.0,69025.7,68911.0,69013.4,233.124
2026-03-06 14:07:00+00:00,1772806020000,69013.4,69050.0,68954.6,68986.9,151.625
2026-03-06 14:08:00+00:00,1772806080000,68986.9,68999.9,68867.0,68881.0,143.475
2026-03-06 14:09:00+00:00,1772806140000,68881.0,68890.3,68604.2,68615.6,910.087
2026-03-06 14:10:00+00:00,1772806200000,68615.6,68746.6,68615.5,68730.5,386.069
2026-03-06 14:11:00+00:00,1772806260000,68730.5,68754.4,68600.0,68751.1,306.8
2026-03-06 14:12:00+00:00,1772806320000,68751.1,68758.1,68638.0,68665.7,133.129
2026-03-06 14:13:00+00:00,1772806380000,68665.7,68738.7,68652.4,68682.7,153.21
2026-03-06 14:14:00+00:00,1772806440000,68682.7,68844.8,68678.7,68784.4,193.233
2026-03-06 14:15:00+00:00,1772806500000,68784.4,68803.8,68698.1,68792.9,248.11
2026-03-06 14:16:00+00:00,1772806560000,68792.9,68792.9,68700.0,68734.1,112.539
2026-03-06 14:17:00+00:00,1772806620000,68734.1,68920.6,68675.2,68845.6,216.051
2026-03-06 14:18:00+00:00,1772806680000,68845.6,68937.3,68822.3,68930.1,220.555
2026-03-06 14:19:00+00:00,1772806740000,68930.1,68953.5,68899.1,68947.4,419.203
2026-03-06 14:20:00+00:00,1772806800000,68947.4,68947.4,68853.2,68921.9,96.755
2026-03-06 14:21:00+00:00,1772806860000,68921.9,68950.0,68897.9,68932.4,76.213
2026-03-06 14:22:00+00:00,1772806920000,68932.4,68953.5,68913.4,68953.5,73.369
2026-03-06 14:23:00+00:00,1772806980000,68953.5,68975.0,68901.8,68939.4,129.794
2026-03-06 14:24:00+00:00,1772807040000,68939.4,68987.5,68912.3,68960.0,54.714
2026-03-06 14:25:00+00:00,1772807100000,68960.0,68966.0,68833.9,68907.4,95.277
2026-03-06 14:26:00+00:00,1772807160000,68907.4,69054.4,68902.5,69000.0,171.246
2026-03-06 14:27:00+00:00,1772807220000,69000.0,69000.1,68924.3,68948.2,96.431
2026-03-06 14:28:00+00:00,1772807280000,68948.2,69039.5,68934.8,69026.1,128.098
2026-03-06 14:29:00+00:00,1772807340000,69026.1,69027.4,68921.5,68942.3,82.59
2026-03-06 14:30:00+00:00,1772807400000,68942.3,69064.9,68851.0,68949.1,326.903
2026-03-06 14:31:00+00:00,1772807460000,68949.1,68956.0,68780.4,68798.1,281.67
2026-03-06 14:32:00+00:00,1772807520000,68798.1,68845.3,68684.3,68819.4,208.972
2026-03-06 14:33:00+00:00,1772807580000,68819.4,68952.4,68787.3,68851.1,228.208
2026-03-06 14:34:00+00:00,1772807640000,68851.1,68907.7,68759.8,68812.2,135.064
2026-03-06 14:35:00+00:00,1772807700000,68812.2,68852.8,68550.0,68627.0,399.95
2026-03-06 14:36:00+00:00,1772807760000,68627.0,68631.6,68400.1,68462.8,647.665
2026-03-06 14:37:00+00:00,1772807820000,68462.8,68591.6,68353.2,68359.2,357.777
2026-03-06 14:38:00+00:00,1772807880000,68359.2,68629.7,68352.0,68598.0,278.025
2026-03-06 14:39:00+00:00,1772807940000,68598.0,68680.9,68533.5,68606.0,290.142
2026-03-06 14:40:00+00:00,1772808000000,68606.0,68756.9,68598.4,68617.8,114.725
2026-03-06 14:41:00+00:00,1772808060000,68617.8,68755.0,68586.7,68746.6,144.617
2026-03-06 14:42:00+00:00,1772808120000,68746.6,68759.2,68568.8,68618.4,105.596
2026-03-06 14:43:00+00:00,1772808180000,68618.4,68803.4,68607.6,68632.7,660.103
2026-03-06 14:44:00+00:00,1772808240000,68632.7,68797.7,68632.7,68710.3,250.019
2026-03-06 14:45:00+00:00,1772808300000,68710.3,68867.2,68700.4,68709.0,155.65
2026-03-06 14:46:00+00:00,1772808360000,68709.0,68709.0,68568.8,68584.0,243.733
2026-03-06 14:47:00+00:00,1772808420000,68584.0,68584.0,68366.6,68398.2,326.011
2026-03-06 14:48:00+00:00,1772808480000,68398.2,68486.1,68385.9,68481.4,222.455
2026-03-06 14:49:00+00:00,1772808540000,68481.4,68528.2,68362.4,68378.3,147.552
2026-03-06 14:50:00+00:00,1772808600000,68378.3,68464.7,68269.7,68413.0,468.916
2026-03-06 14:51:00+00:00,1772808660000,68413.0,68532.6,68363.9,68382.1,263.674
2026-03-06 14:52:00+00:00,1772808720000,68382.1,68434.0,68309.9,68362.7,534.52
2026-03-06 14:53:00+00:00,1772808780000,68362.7,68424.9,68323.6,68383.7,160.813
2026-03-06 14:54:00+00:00,1772808840000,68383.7,68409.3,68300.2,68315.2,149.9
2026-03-06 14:55:00+00:00,1772808900000,68315.2,68381.2,68259.4,68362.2,177.916
2026-03-06 14:56:00+00:00,1772808960000,68362.2,68422.7,68296.9,68396.1,83.997
2026-03-06 14:57:00+00:00,1772809020000,68396.1,68441.6,68270.3,68270.3,185.3
2026-03-06 14:58:00+00:00,1772809080000,68270.3,68315.5,68234.3,68247.7,190.512
2026-03-06 14:59:00+00:00,1772809140000,68247.7,68400.0,68130.1,68373.6,545.021
2026-03-06 15:00:00+00:00,1772809200000,68373.6,68523.4,68368.2,68390.0,314.984
2026-03-06 15:01:00+00:00,1772809260000,68390.0,68452.9,68332.4,68356.2,111.683
2026-03-06 15:02:00+00:00,1772809320000,68356.2,68540.0,68356.2,68513.0,278.178
2026-03-06 15:03:00+00:00,1772809380000,68513.0,68588.0,68489.4,68543.0,159.02
2026-03-06 15:04:00+00:00,1772809440000,68543.0,68581.8,68480.4,68554.4,113.23
2026-03-06 15:05:00+00:00,1772809500000,68554.4,68590.0,68500.8,68585.6,104.531
2026-03-06 15:06:00+00:00,1772809560000,68585.6,68630.0,68527.4,68540.3,157.209
2026-03-06 15:07:00+00:00,1772809620000,68540.3,68556.9,68373.8,68426.7,139.634
2026-03-06 15:08:00+00:00,1772809680000,68426.7,68477.7,68370.0,68466.2,60.285
2026-03-06 15:09:00+00:00,1772809740000,68466.2,68466.2,68284.8,68288.2,183.067
2026-03-06 15:10:00+00:00,1772809800000,68288.2,68436.6,68284.3,68349.0,138.412
2026-03-06 15:11:00+00:00,1772809860000,68349.0,68424.0,68309.5,68424.0,41.843
2026-03-06 15:12:00+00:00,1772809920000,68424.0,68553.8,68416.4,68508.3,68.66
2026-03-06 15:13:00+00:00,1772809980000,68508.3,68587.8,68482.6,68587.8,119.143
2026-03-06 15:14:00+00:00,1772810040000,68587.8,68617.0,68471.3,68599.6,147.411
2026-03-06 15:15:00+00:00,1772810100000,68599.6,68650.0,68560.4,68630.1,134.817
2026-03-06 15:16:00+00:00,1772810160000,68630.1,68630.1,68532.5,68568.5,92.809
2026-03-06 15:17:00+00:00,1772810220000,68568.5,68740.0,68552.8,68725.7,186.275
2026-03-06 15:18:00+00:00,1772810280000,68725.7,68752.6,68653.9,68745.6,179.213
2026-03-06 15:19:00+00:00,1772810340000,68745.6,68750.0,68697.2,68746.1,89.919
2026-03-06 15:20:00+00:00,1772810400000,68746.1,68762.0,68700.0,68700.2,126.36
2026-03-06 15:21:00+00:00,1772810460000,68700.2,68846.8,68684.9,68824.0,146.356
2026-03-06 15:22:00+00:00,1772810520000,68824.0,68863.0,68743.3,68841.7,118.974
2026-03-06 15:23:00+00:00,1772810580000,68841.7,68920.0,68835.4,68867.2,193.726
2026-03-06 15:24:00+00:00,1772810640000,68867.2,68999.9,68867.2,68924.1,368.738
2026-03-06 15:25:00+00:00,1772810700000,68924.1,68924.1,68821.6,68882.6,115.317
2026-03-06 15:26:00+00:00,1772810760000,68882.6,68887.8,68812.2,68812.2,54.652
2026-03-06 15:27:00+00:00,1772810820000,68812.2,68856.5,68789.2,68837.0,75.54
2026-03-06 15:28:00+00:00,1772810880000,68837.0,68861.2,68791.8,68796.9,50.665
2026-03-06 15:29:00+00:00,1772810940000,68796.9,68850.0,68737.5,68850.0,89.089
2026-03-06 15:30:00+00:00,1772811000000,68850.0,68966.0,68833.7,68852.1,233.778
2026-03-06 15:31:00+00:00,1772811060000,68852.1,68998.3,68835.8,68951.2,176.723
2026-03-06 15:32:00+00:00,1772811120000,68951.2,68975.4,68902.9,68922.6,66.498
2026-03-06 15:33:00+00:00,1772811180000,68922.6,68922.6,68799.7,68825.6,108.929
2026-03-06 15:34:00+00:00,1772811240000,68825.6,68831.5,68770.0,68803.2,53.304
2026-03-06 15:35:00+00:00,1772811300000,68803.2,68875.5,68761.5,68866.9,86.513
2026-03-06 15:36:00+00:00,1772811360000,68866.9,68927.7,68846.1,68886.8,51.817
2026-03-06 15:37:00+00:00,1772811420000,68886.8,68998.8,68802.0,68997.2,234.348
2026-03-06 15:38:00+00:00,1772811480000,68997.2,69060.0,68935.0,68984.4,264.756
2026-03-06 15:39:00+00:00,1772811540000,68984.4,68984.4,68863.6,68893.1,64.077
2026-03-06 15:40:00+00:00,1772811600000,68893.1,68894.6,68801.1,68826.2,65.93
2026-03-06 15:41:00+00:00,1772811660000,68826.2,68846.2,68768.0,68798.3,64.753
2026-03-06 15:42:00+00:00,1772811720000,68798.3,68798.3,68737.3,68768.6,93.054
2026-03-06 15:43:00+00:00,1772811780000,68768.6,68783.3,68641.3,68657.5,91.235
2026-03-06 15:44:00+00:00,1772811840000,68657.5,68733.7,68650.1,68711.2,59.942
2026-03-06 15:45:00+00:00,1772811900000,68711.2,68725.1,68594.8,68603.4,108.555
2026-03-06 15:46:00+00:00,1772811960000,68603.4,68628.6,68540.5,68581.2,90.475
2026-03-06 15:47:00+00:00,1772812020000,68581.2,68656.1,68567.7,68622.1,53.201
2026-03-06 15:48:00+00:00,1772812080000,68622.1,68622.1,68577.3,68589.0,32.167
2026-03-06 15:49:00+00:00,1772812140000,68589.0,68605.2,68516.2,68555.3,79.603
2026-03-06 15:50:00+00:00,1772812200000,68555.3,68559.3,68400.0,68406.7,122.202
2026-03-06 15:51:00+00:00,1772812260000,68406.7,68406.8,68274.2,68274.3,239.176
2026-03-06 15:52:00+00:00,1772812320000,68274.3,68360.7,68259.9,68314.5,153.165
2026-03-06 15:53:00+00:00,1772812380000,68314.5,68328.0,68264.3,68305.9,129.91
2026-03-06 15:54:00+00:00,1772812440000,68305.9,68380.8,68305.8,68379.8,69.005
2026-03-06 15:55:00+00:00,1772812500000,68379.8,68493.1,68364.2,68480.6,106.973
2026-03-06 15:56:00+00:00,1772812560000,68480.6,68546.0,68465.8,68546.0,152.459
2026-03-06 15:57:00+00:00,1772812620000,68546.0,68560.0,68489.0,68489.0,33.94
2026-03-06 15:58:00+00:00,1772812680000,68489.0,68499.7,68447.3,68499.7,26.391
2026-03-06 15:59:00+00:00,1772812740000,68499.7,68523.0,68454.4,68461.0,40.089
2026-03-06 16:00:00+00:00,1772812800000,68461.0,68550.0,68428.8,68528.1,97.436
2026-03-06 16:01:00+00:00,1772812860000,68528.1,68577.5,68475.2,68502.3,137.331
2026-03-06 16:02:00+00:00,1772812920000,68502.3,68514.4,68408.5,68490.7,99.282
2026-03-06 16:03:00+00:00,1772812980000,68490.7,68670.0,68479.6,68665.0,228.337
2026-03-06 16:04:00+00:00,1772813040000,68665.0,68766.2,68655.6,68741.5,140.555
2026-03-06 16:05:00+00:00,1772813100000,68741.5,68743.3,68640.0,68643.3,61.96
2026-03-06 16:06:00+00:00,1772813160000,68643.3,68715.1,68565.0,68574.3,87.114
2026-03-06 16:07:00+00:00,1772813220000,68574.3,68655.6,68545.3,68585.4,67.249
2026-03-06 16:08:00+00:00,1772813280000,68585.4,68588.0,68500.0,68500.0,31.244
2026-03-06 16:09:00+00:00,1772813340000,68500.0,68500.1,68341.4,68349.3,140.97
2026-03-06 16:10:00+00:00,1772813400000,68349.3,68381.0,68279.6,68295.5,126.695
2026-03-06 16:11:00+00:00,1772813460000,68295.5,68301.9,68233.9,68295.7,176.861
2026-03-06 16:12:00+00:00,1772813520000,68295.7,68342.4,68269.5,68340.6,46.304
2026-03-06 16:13:00+00:00,1772813580000,68340.6,68403.3,68323.9,68371.5,77.453
2026-03-06 16:14:00+00:00,1772813640000,68371.5,68373.9,68295.9,68305.0,142.754
2026-03-06 16:15:00+00:00,1772813700000,68305.0,68345.9,68293.6,68310.5,28.323
2026-03-06 16:16:00+00:00,1772813760000,68310.5,68420.4,68258.3,68259.2,80.482
2026-03-06 16:17:00+00:00,1772813820000,68259.2,68329.0,68212.4,68216.5,77.291
2026-03-06 16:18:00+00:00,1772813880000,68216.5,68276.0,68173.2,68218.0,104.196
2026-03-06 16:19:00+00:00,1772813940000,68218.0,68364.5,68218.0,68339.4,80.341
2026-03-06 16:20:00+00:00,1772814000000,68339.4,68370.4,68276.4,68315.3,66.588
2026-03-06 16:21:00+00:00,1772814060000,68315.3,68372.3,68240.0,68302.7,110.203
2026-03-06 16:22:00+00:00,1772814120000,68302.7,68310.7,68229.5,68281.6,30.609
2026-03-06 16:23:00+00:00,1772814180000,68281.6,68304.4,68256.1,68263.7,25.556
2026-03-06 16:24:00+00:00,1772814240000,68263.7,68425.0,68263.1,68366.0,159.787
2026-03-06 16:25:00+00:00,1772814300000,68366.0,68425.5,68353.7,68392.6,65.113
2026-03-06 16:26:00+00:00,1772814360000,68392.6,68424.8,68362.8,68423.7,63.815
2026-03-06 16:27:00+00:00,1772814420000,68423.7,68545.6,68417.8,68499.0,166.546
2026-03-06 16:28:00+00:00,1772814480000,68499.0,68530.9,68471.4,68522.1,43.291
2026-03-06 16:29:00+00:00,1772814540000,68522.1,68528.9,68500.0,68510.0,32.983
2026-03-06 16:30:00+00:00,1772814600000,68510.0,68524.4,68406.7,68428.9,75.763
2026-03-06 16:31:00+00:00,1772814660000,68428.9,68533.7,68423.3,68502.9,62.781
2026-03-06 16:32:00+00:00,1772814720000,68502.9,68555.3,68486.6,68546.2,87.826
2026-03-06 16:33:00+00:00,1772814780000,68546.2,68546.2,68416.8,68452.8,34.054
2026-03-06 16:34:00+00:00,1772814840000,68452.8,68458.6,68302.2,68376.4,93.505
2026-03-06 16:35:00+00:00,1772814900000,68376.4,68438.2,68361.8,68401.0,22.452
2026-03-06 16:36:00+00:00,1772814960000,68401.0,68484.0,68400.1,68484.0,40.667
2026-03-06 16:37:00+00:00,1772815020000,68484.0,68558.0,68481.4,68538.6,61.394
2026-03-06 16:38:00+00:00,1772815080000,68538.6,68656.2,68536.2,68600.1,104.528
2026-03-06 16:39:00+00:00,1772815140000,68600.1,68654.4,68575.7,68632.7,84.712
2026-03-06 16:40:00+00:00,1772815200000,68632.7,68637.3,68564.3,68589.8,29.592
2026-03-06 16:41:00+00:00,1772815260000,68589.8,68611.3,68516.7,68545.2,55.184
2026-03-06 16:42:00+00:00,1772815320000,68545.2,68547.1,68488.0,68512.8,28.033
2026-03-06 16:43:00+00:00,1772815380000,68512.8,68588.7,68498.0,68562.5,34.913
2026-03-06 16:44:00+00:00,1772815440000,68562.5,68562.6,68511.3,68558.6,34.156
2026-03-06 16:45:00+00:00,1772815500000,68558.6,68603.9,68551.6,68577.5,21.021
2026-03-06 16:46:00+00:00,1772815560000,68577.5,68685.4,68577.5,68637.7,52.88
2026-03-06 16:47:00+00:00,1772815620000,68637.7,68670.8,68538.7,68538.7,46.752
2026-03-06 16:48:00+00:00,1772815680000,68538.7,68557.4,68488.0,68542.1,37.487
2026-03-06 16:49:00+00:00,1772815740000,68542.1,68601.9,68542.1,68556.7,36.078
2026-03-06 16:50:00+00:00,1772815800000,68556.7,68608.0,68550.1,68567.6,32.511
2026-03-06 16:51:00+00:00,1772815860000,68567.6,68637.4,68567.6,68624.4,63.841
2026-03-06 16:52:00+00:00,1772815920000,68624.4,68669.3,68597.5,68597.5,72.073
2026-03-06 16:53:00+00:00,1772815980000,68597.5,68625.5,68505.8,68568.9,172.131
2026-03-06 16:54:00+00:00,1772816040000,68568.9,68572.9,68325.0,68333.0,220.009
2026-03-06 16:55:00+00:00,1772816100000,68333.0,68441.4,68333.0,68430.8,114.253
2026-03-06 16:56:00+00:00,1772816160000,68430.8,68430.8,68311.4,68349.6,64.267
2026-03-06 16:57:00+00:00,1772816220000,68349.6,68492.0,68338.0,68429.2,36.972
2026-03-06 16:58:00+00:00,1772816280000,68429.2,68477.7,68392.0,68438.7,79.863
2026-03-06 16:59:00+00:00,1772816340000,68438.7,68445.2,68407.5,68418.5,38.269
2026-03-06 17:00:00+00:00,1772816400000,68418.5,68480.0,68382.7,68458.7,59.97
